LotArea;SalePrice;LivingArea;NumberBedroom;TotalRooms;Neighborhood;YearBuilt;YearRemodAdd;YrSold;MoSold;KitchenQual;Condition1;OverallCond
9600;181500;1262;3;6;Veenker;1976;1976;2007;5;TA;Feedr;8
14260;250000;2198;4;9;NoRidge;2000;2000;2008;12;Gd;Norm;5
14115;143000;1362;1;5;Mitchel;1993;1995;2009;10;TA;Norm;5
10084;307000;1694;3;7;Somerst;2004;2005;2007;8;Gd;Norm;5
10382;200000;2090;3;7;NWAmes;1973;1973;2009;11;TA;PosN;6
6120;129900;1774;2;8;OldTown;1931;1950;2008;4;TA;Artery;5
11200;129500;1040;3;5;Sawyer;1965;1965;2008;2;TA;Norm;5
11924;345000;2324;4;11;NridgHt;2005;2006;2006;7;Ex;Norm;5
12968;144000;912;2;4;Sawyer;1962;1962;2008;9;TA;Norm;6
10920;157000;1253;2;5;NAmes;1960;1960;2008;5;TA;Norm;5
11241;149000;1004;2;5;NAmes;1970;1970;2010;3;TA;Norm;7
10791;90000;1296;2;6;Sawyer;1967;1967;2006;10;TA;Norm;5
13695;159000;1114;3;6;SawyerW;2004;2004;2008;6;Gd;RRAe;5
7560;139000;1339;3;6;NAmes;1958;1965;2009;5;TA;Norm;6
14215;325300;2376;4;9;NridgHt;2005;2006;2006;11;Gd;Norm;5
4224;129900;1060;3;6;MeadowV;1976;1976;2007;6;TA;Norm;7
8246;154000;1060;3;6;Sawyer;1968;2001;2010;5;Gd;Norm;8
14230;256300;1600;3;7;NridgHt;2007;2007;2009;7;Gd;Norm;5
7200;134800;900;3;5;NAmes;1951;2000;2010;5;Gd;Norm;7
11478;306000;1704;3;7;NridgHt;2007;2008;2010;5;Gd;Norm;5
16321;207500;1600;2;6;NAmes;1957;1997;2006;12;TA;Norm;6
8544;149350;1228;3;6;Sawyer;1966;2006;2008;6;Gd;Norm;6
10552;165500;1700;4;6;NAmes;1959;1959;2010;4;Gd;Norm;5
7313;277500;1561;2;6;NridgHt;2005;2005;2007;8;Ex;Norm;5
13418;309000;2452;4;9;NridgHt;2004;2005;2006;9;Gd;Norm;5
8532;153000;1297;3;5;NAmes;1954;1990;2009;10;TA;Norm;6
7922;109000;1057;3;5;NAmes;1953;2007;2010;1;Gd;Norm;7
8658;160000;1324;3;6;NAmes;1965;1965;2006;12;TA;Norm;5
16905;170000;1328;2;5;Timber;1959;1959;2007;7;TA;Norm;6
9180;144000;884;2;5;SawyerW;1983;1983;2007;12;Gd;Norm;7
7945;141000;1150;3;6;NAmes;1959;1959;2006;5;TA;Norm;6
7658;319900;1752;2;6;NridgHt;2005;2005;2010;2;Ex;Norm;5
12822;239686;2149;1;6;Mitchel;2003;2003;2009;8;Gd;Norm;5
11096;249700;1656;3;7;Somerst;2006;2006;2007;7;Gd;Norm;5
4456;113000;1452;2;8;OldTown;1920;2008;2009;6;TA;Norm;5
7742;127000;955;3;6;Sawyer;1966;1966;2007;1;TA;Norm;7
50271;385000;1842;0;5;Veenker;1981;1987;2006;11;Gd;Norm;5
7134;130000;1360;3;6;NAmes;1955;1955;2007;2;TA;Norm;5
10175;180500;1425;3;7;NAmes;1964;1964;2008;7;TA;Norm;5
2645;172500;1739;3;7;Somerst;1999;2000;2009;8;Gd;Norm;5
13682;438780;2945;3;10;StoneBr;2006;2006;2006;10;Gd;Norm;5
13072;158000;1158;3;5;SawyerW;2004;2004;2006;5;Gd;RRAe;5
6442;202500;1370;2;6;NridgHt;2006;2006;2007;10;Gd;Norm;5
10300;140000;1710;3;9;OldTown;1921;1950;2010;4;TA;RRAn;6
9591;317000;2473;4;9;NridgHt;2004;2005;2007;10;Gd;Norm;5
19900;180000;2207;3;7;NAmes;1970;1989;2010;7;TA;PosA;5
4608;80000;747;2;4;OldTown;1945;1950;2010;6;TA;Artery;6
13651;244000;2223;3;8;NAmes;1973;1973;2007;2;TA;Norm;6
7599;129500;845;2;4;Mitchel;1982;2006;2007;6;TA;Norm;6
10200;144900;1086;3;6;NAmes;1954;2003;2010;5;TA;Norm;7
5790;107400;1605;3;8;OldTown;1915;1950;2010;5;TA;Norm;6
1596;91000;988;2;5;MeadowV;1973;1973;2009;11;TA;Norm;5
8475;135750;952;2;4;NAmes;1956;1956;2008;4;TA;Norm;7
10778;136500;1768;4;8;Sawyer;1968;1968;2010;4;TA;Norm;5
10440;110000;1230;2;5;OldTown;1910;1981;2009;5;TA;Norm;6
13000;193500;2142;4;8;NAmes;1968;1968;2009;6;Gd;Norm;6
4500;153500;1337;2;5;Mitchel;1998;1998;2006;3;TA;Norm;5
10206;245000;1563;3;6;Somerst;2007;2007;2008;10;Gd;Norm;5
8892;126500;1065;3;6;NAmes;1960;1960;2007;7;TA;Norm;5
16059;260000;2417;4;9;NoRidge;1991;1992;2006;4;Gd;Norm;5
3951;164500;1224;2;4;Somerst;2009;2009;2009;6;Gd;Norm;5
7200;109900;1040;2;4;NAmes;1950;1950;2006;7;TA;Norm;5
8500;98600;1235;2;6;NAmes;1961;1961;2006;12;TA;Norm;3
7200;133900;2291;4;9;OldTown;1910;1998;2007;11;TA;Norm;6
9320;128950;1225;3;6;NAmes;1959;1959;2010;1;TA;Norm;5
10603;205000;1610;3;6;NWAmes;1977;2001;2010;2;Gd;Norm;7
9206;178000;1732;3;7;SawyerW;1985;1985;2010;6;Gd;Norm;5
7018;118964;1535;4;8;SawyerW;1979;1979;2009;6;TA;Norm;5
9375;250000;1992;3;9;Somerst;2003;2004;2008;8;Gd;Norm;5
10800;100000;1047;2;6;OldTown;1885;1995;2007;8;TA;Norm;7
6000;115000;789;2;5;OldTown;1948;1950;2008;4;TA;Norm;5
11751;190000;1844;3;7;NWAmes;1977;1977;2010;1;TA;Norm;6
3230;176000;1458;2;5;Somerst;1999;1999;2007;6;TA;Norm;5
11616;139000;1092;3;6;Sawyer;1962;1962;2009;9;TA;Norm;5
12376;320000;3222;5;11;SawyerW;1990;1990;2010;5;Gd;Norm;5
9464;136000;1080;3;5;NAmes;1958;1958;2008;6;TA;Norm;7
7892;153900;1199;2;5;SawyerW;1993;1993;2008;3;Gd;Norm;5
17043;181000;1586;3;7;NWAmes;1979;1998;2009;1;TA;Norm;5
4928;128000;958;2;5;NPkVill;1976;1976;2007;2;TA;Norm;5
4388;87000;840;3;5;OldTown;1930;1950;2007;6;TA;Feedr;7
7590;155000;1348;3;6;NAmes;1966;1966;2006;7;TA;PosN;5
8973;150000;1053;3;6;NAmes;1958;1991;2006;7;Ex;Norm;7
14200;226000;2157;4;8;NAmes;1966;1966;2006;5;Gd;Norm;6
7388;150750;1327;3;7;NAmes;1959;2002;2007;7;Gd;Norm;6
6853;220000;1296;2;6;Timber;2001;2002;2009;6;Gd;Norm;5
10335;180000;1721;3;7;Sawyer;1968;1993;2006;7;TA;Norm;6
10400;174000;1682;3;7;NWAmes;1970;1970;2008;5;TA;Norm;6
10355;143000;1214;3;5;NAmes;1967;1967;2007;7;TA;Norm;5
11070;171000;1959;5;9;Mitchel;1988;1989;2006;7;TA;Norm;5
10500;115000;864;3;5;NAmes;1971;1971;2010;4;TA;Norm;5
8520;166000;1385;4;6;NAmes;1952;1952;2010;6;TA;Artery;4
9100;125000;1728;6;10;Sawyer;1963;1963;2006;11;TA;RRAe;5
7500;141000;1080;3;6;SawyerW;2004;2005;2008;4;Gd;Norm;5
13891;372402;1710;2;6;NridgHt;2007;2008;2008;1;Gd;Norm;5
14803;190000;1993;4;8;NWAmes;1971;1971;2006;6;TA;Norm;5
11340;125000;1200;4;7;OldTown;1923;1950;2006;3;TA;Norm;5
7200;109500;1040;2;5;NAmes;1950;1950;2006;6;TA;Norm;7
12003;269500;1968;4;8;Timber;2009;2010;2010;5;Ex;Norm;5
12552;254900;1947;3;8;Somerst;2004;2005;2010;5;Gd;Norm;5
11120;162500;1232;3;6;Veenker;1984;1984;2008;6;TA;Norm;6
13688;412500;2668;3;10;NridgHt;2003;2004;2008;3;Ex;Norm;5
12182;220000;1541;3;7;NridgHt;2005;2005;2010;5;Gd;Norm;5
5500;103200;882;1;4;OldTown;1956;1956;2007;4;TA;Norm;6
5400;152000;1616;3;5;OldTown;1926;2004;2007;10;Gd;Norm;7
10562;325624;2161;3;8;NridgHt;2007;2007;2007;11;Ex;Norm;5
16669;228000;1707;2;6;Timber;1981;1981;2006;1;TA;Norm;6
12358;128500;1382;2;7;OldTown;1941;1950;2007;5;TA;Feedr;6
31770;215000;1656;3;7;NAmes;1960;1960;2010;5;TA;Norm;5
5306;239000;1767;2;5;StoneBr;1987;1987;2006;6;Gd;Norm;7
10197;163000;1362;3;6;NAmes;1961;1961;2008;6;TA;Norm;5
12416;184000;1651;3;7;Timber;1986;1986;2008;11;TA;Norm;5
13650;172500;1920;4;8;Sawyer;1958;1958;2006;7;Gd;Norm;5
17423;501837;2234;1;9;StoneBr;2008;2009;2009;7;Ex;Norm;5
8520;100000;968;2;5;OldTown;1923;2006;2007;7;TA;Norm;6
2117;177000;1525;3;5;Somerst;2000;2000;2007;6;Gd;Norm;5
11426;200000;2082;3;6;OldTown;2003;2003;2008;6;Gd;Norm;5
22950;475000;3608;4;12;OldTown;1892;1993;2006;6;Ex;Artery;9
9947;173000;1217;3;6;Mitchel;1990;1991;2009;6;Gd;Norm;5
10410;135000;1656;3;8;OldTown;1916;1987;2009;8;TA;Norm;7
7018;153337;1224;2;6;SawyerW;1979;1979;2009;6;TA;Feedr;5
4923;286000;1593;0;5;StoneBr;2001;2002;2008;8;Ex;Norm;5
7472;184000;1479;4;7;NAmes;1972;2004;2007;6;Gd;Norm;9
2280;148500;1456;3;7;NPkVill;1976;1976;2009;7;TA;Norm;6
9416;311872;1726;3;8;Somerst;2007;2007;2007;9;Ex;Norm;5
25419;235000;3112;4;8;NAmes;1918;1990;2006;3;Gd;Artery;4
5520;104000;2229;5;8;OldTown;1912;1950;2009;7;TA;Norm;6
9591;274900;1713;3;7;NridgHt;2004;2005;2009;1;Ex;Norm;5
10125;171500;1279;3;6;Mitchel;1977;1977;2008;2;TA;Norm;6
7000;112000;1310;2;6;OldTown;1924;1950;2006;5;TA;Artery;6
3500;110000;1284;2;5;OldTown;1947;1950;2009;4;TA;Norm;7
13673;143900;1696;3;8;Sawyer;1962;1962;2007;3;TA;RRAe;5
12493;141000;1100;3;6;NAmes;1960;1960;2008;4;TA;Norm;5
14364;277000;2062;3;7;SawyerW;1988;1989;2007;4;TA;Norm;5
8250;145000;1092;3;6;NAmes;1964;1964;2008;7;TA;Norm;7
8640;252678;1852;3;7;Somerst;2009;2009;2009;7;Gd;Norm;5
10011;134450;1236;2;6;NAmes;1957;1996;2006;5;Gd;Norm;6
9906;107000;1328;3;8;OldTown;1925;1950;2006;9;TA;Norm;4
11475;179900;1552;3;6;NWAmes;1975;1975;2006;2;TA;RRAn;6
10500;97000;864;2;4;NAmes;1971;1971;2009;3;TA;Norm;6
13472;386250;2392;3;8;NridgHt;2003;2003;2009;6;Ex;Norm;5
9950;290000;2520;4;9;NoRidge;1995;1995;2007;6;Gd;Norm;5
8521;125000;912;3;5;Sawyer;1967;1967;2010;5;TA;Feedr;5
8760;148000;1194;3;6;NAmes;1959;1959;2010;4;TA;Norm;6
15138;403000;2794;4;9;NoRidge;1995;1996;2009;7;Ex;Norm;5
9453;194500;1744;3;7;SawyerW;1993;2003;2010;2;Gd;RRNe;7
12030;318000;1694;3;7;NridgHt;2007;2007;2007;12;Gd;Norm;5
9000;262500;1566;3;7;Somerst;2008;2008;2010;4;Gd;Norm;5
3880;110500;866;2;4;OldTown;1945;1997;2007;8;Gd;Norm;9
5000;79000;1440;3;6;OldTown;1900;1950;2006;4;TA;Norm;4
10762;120000;1217;3;6;SawyerW;1980;1980;2009;4;TA;Norm;6
8880;205000;2110;3;8;SawyerW;1994;2002;2010;5;Gd;Norm;5
10400;241500;1872;3;6;NWAmes;1988;1988;2006;6;TA;Norm;5
9142;137000;1928;4;9;OldTown;1910;1950;2006;4;Fa;Norm;8
11310;140000;1375;2;5;NAmes;1954;1954;2006;6;TA;Norm;5
8366;173000;1640;3;6;SawyerW;2004;2004;2008;12;Gd;Norm;5
9350;158000;1302;3;7;NAmes;1964;1991;2007;10;Gd;Norm;7
8400;145000;1314;3;5;NAmes;1957;1957;2010;6;TA;Norm;6
8791;207500;1728;3;7;Somerst;2003;2003;2008;5;Gd;Norm;5
12702;97000;882;2;4;OldTown;1956;1956;2008;12;TA;Norm;5
19296;176000;1382;3;6;NAmes;1962;1962;2009;5;TA;Artery;5
8471;151000;1212;3;6;Sawyer;1977;1995;2006;7;TA;Norm;7
5500;130000;1316;3;6;OldTown;1929;2001;2010;4;TA;Norm;7
5232;73000;764;2;4;OldTown;1925;2004;2008;6;TA;Artery;5
12090;175500;1422;3;7;NWAmes;1981;1981;2008;6;Gd;Norm;6
8400;179500;2192;4;8;SWISU;1939;1997;2008;7;Gd;Norm;8
10728;266000;1939;3;8;Somerst;2006;2006;2006;8;Gd;Norm;5
11764;290000;2270;4;9;NoRidge;1999;2007;2010;4;Gd;Norm;7
9600;139000;1632;3;6;NAmes;1958;1988;2009;4;TA;Feedr;6
8314;124500;816;2;5;Mitchel;1982;1982;2007;6;TA;Norm;7
9196;201000;1560;3;7;Mitchel;2003;2003;2010;4;Gd;Norm;5
14450;415298;2121;3;8;NridgHt;2006;2007;2007;5;Ex;Norm;5
11287;228500;1982;3;7;SawyerW;1989;1989;2007;1;Gd;Norm;6
7200;185000;1262;2;5;Somerst;2006;2006;2006;5;Gd;Norm;5
5063;207500;1314;2;6;NridgHt;2007;2008;2009;4;Gd;Norm;5
9612;244600;1468;3;6;Somerst;2008;2009;2009;12;Gd;Feedr;5
8012;179200;1575;2;5;SawyerW;1992;1992;2007;7;Gd;Norm;5
4251;164700;1250;2;5;Somerst;2006;2007;2007;6;Gd;Norm;5
9786;159000;1734;3;7;NAmes;1962;1981;2006;6;Gd;Norm;7
8125;88000;858;3;5;NAmes;1971;1971;2006;6;TA;Norm;4
9819;122000;900;3;5;Sawyer;1967;1967;2010;2;TA;Norm;5
5687;135900;1716;6;9;SWISU;1912;2000;2008;3;Fa;Norm;6
16659;235000;2263;3;9;NWAmes;1977;1994;2006;3;Gd;PosA;7
9600;167000;1644;3;7;NAmes;1953;1953;2009;10;TA;Norm;5
7937;142500;1003;3;6;Mitchel;1984;1984;2006;3;TA;Norm;6
7399;239000;1950;3;7;Somerst;1997;1998;2007;6;Gd;Norm;5
11700;175000;1743;3;7;NWAmes;1968;1968;2007;6;TA;Norm;6
18386;295000;3493;3;10;OldTown;1880;2002;2008;5;Gd;Norm;9
13474;225000;2243;4;8;SawyerW;1990;1991;2007;6;Gd;Feedr;5
12378;360000;1944;3;8;NridgHt;2003;2004;2006;11;Ex;Norm;5
8000;132000;972;2;5;NAmes;1948;2002;2009;5;TA;Norm;6
7800;119900;1118;3;5;OldTown;1939;1950;2006;5;TA;Artery;7
215245;375000;2036;3;8;Timber;1965;1965;2009;6;TA;Norm;5
9600;178000;1641;3;6;OldTown;1925;1990;2006;8;Ex;Norm;7
13005;260000;2353;4;10;NWAmes;1980;1980;2009;8;Ex;Norm;7
9000;270000;1959;3;8;Somerst;2006;2006;2007;12;Gd;Norm;5
9900;260000;2646;4;9;NoRidge;1993;1993;2009;4;Gd;Norm;5
14115;187500;1472;3;6;NWAmes;1980;1980;2009;6;TA;Norm;5
16259;342643;2596;4;9;NridgHt;2006;2006;2006;9;Gd;Norm;5
12099;354000;2468;4;10;NridgHt;2004;2004;2007;6;Gd;Norm;5
10380;301000;2730;4;8;SawyerW;1986;1987;2007;8;Gd;Norm;5
5820;126175;1163;3;6;OldTown;1955;2005;2006;7;TA;Norm;8
11275;242000;2978;5;11;NAmes;1967;2007;2010;6;Gd;PosN;7
10846;324000;1719;1;6;Veenker;1993;1993;2008;5;Gd;Norm;5
11600;145250;1383;3;7;NAmes;1960;1960;2006;4;TA;Norm;5
10624;119000;1728;6;10;NAmes;1964;1964;2007;11;TA;Norm;4
8176;139000;1056;3;6;NAmes;1958;1992;2007;8;TA;Norm;6
10655;284000;1629;3;7;NridgHt;2003;2004;2009;10;Gd;Norm;5
8198;207000;1358;2;6;NridgHt;2004;2004;2008;7;Gd;Norm;5
164660;228950;1786;3;7;Timber;1965;1965;2008;8;TA;Norm;6
14157;377426;1922;3;8;StoneBr;2005;2006;2007;7;Gd;Norm;5
14145;202500;1621;3;8;NWAmes;1984;1998;2006;5;Gd;Norm;7
12400;155000;1215;3;6;NAmes;1958;1998;2009;6;TA;Feedr;7
14191;202900;1908;4;9;Timber;2002;2002;2010;4;Gd;Norm;5
8400;82000;841;2;4;SawyerW;1950;1950;2009;9;TA;Feedr;4
8544;87500;1040;2;6;NAmes;1949;1950;2006;5;TA;Norm;4
8849;266000;1684;2;6;NridgHt;2005;2005;2008;7;Ex;Norm;5
2592;85000;1112;3;4;MeadowV;1976;1976;2010;4;TA;Norm;3
12772;151500;958;2;5;NAmes;1960;1998;2007;4;TA;Norm;8
17600;157500;1478;3;6;NAmes;1960;1960;2009;12;TA;Norm;5
2448;154000;1626;2;6;NridgHt;2003;2004;2008;10;Gd;Norm;5
20431;437154;2728;4;10;NridgHt;2005;2006;2006;4;Ex;Norm;5
7820;318061;1869;2;6;NridgHt;2007;2007;2007;12;Ex;Norm;5
8520;105900;720;2;5;OldTown;1928;2003;2010;5;TA;Norm;8
8400;140000;1595;2;6;SWISU;1940;2000;2006;6;TA;Norm;5
4224;134000;1142;3;6;MeadowV;1976;1976;2007;8;TA;Norm;5
12011;280000;1924;3;7;NoRidge;1998;1998;2006;6;Gd;Norm;5
7540;156000;912;2;5;Mitchel;1978;1978;2007;6;TA;Norm;6
18800;190000;1574;3;6;NWAmes;1976;1976;2006;7;TA;Norm;5
9500;159000;1394;3;6;NAmes;1963;1963;2009;7;TA;Norm;5
9150;165000;1431;3;6;NAmes;1962;1962;2008;12;TA;Norm;5
7800;132000;1268;2;7;NAmes;1954;1954;2010;3;TA;Norm;6
9830;162000;1287;3;7;NAmes;1959;2006;2010;3;Gd;Norm;7
7175;125000;752;2;4;SawyerW;1984;1984;2010;2;TA;Norm;5
10634;123000;1319;3;5;NAmes;1953;1953;2009;11;TA;Norm;6
11143;340000;2466;4;8;Somerst;2004;2005;2007;12;Gd;Norm;5
11394;394432;1856;1;8;StoneBr;2010;2010;2010;6;Ex;Norm;2
5000;127000;1691;3;6;SWISU;1924;1950;2010;5;Gd;Norm;6
7200;187750;1301;2;5;Somerst;2006;2006;2006;8;Gd;Norm;5
9000;76000;784;2;5;SawyerW;1928;1950;2009;10;TA;Norm;3
12474;426000;2332;3;9;NridgHt;2007;2008;2008;8;Ex;Norm;5
12209;215000;1961;3;7;Mitchel;2001;2002;2009;6;Gd;Norm;5
8339;106500;882;3;5;NAmes;1959;1959;2007;7;TA;Norm;7
10134;109000;1034;2;5;OldTown;1940;1950;2007;7;TA;Norm;6
7590;169500;1812;4;8;NAmes;1962;1962;2007;7;TA;PosN;5
8125;241000;1550;2;7;Somerst;2006;2007;2009;10;Gd;Norm;5
14963;245500;1288;1;4;Veenker;1996;1996;2008;12;Ex;Norm;5
10200;108000;672;2;4;Sawyer;1940;1997;2008;8;TA;Norm;8
12090;258000;2263;4;10;NoRidge;1998;1998;2006;7;Gd;Norm;5
9991;150000;1620;3;8;Sawyer;1976;1993;2009;6;TA;Feedr;4
10480;115000;1639;3;6;SWISU;1936;1950;2008;3;TA;Norm;5
14154;280000;2172;3;9;NridgHt;2006;2006;2007;8;Gd;Norm;5
10800;339750;2078;3;8;Somerst;2007;2008;2008;4;Ex;Norm;5
4403;222000;1478;2;7;Somerst;2009;2009;2010;6;Gd;Norm;5
8960;115000;1028;2;5;OldTown;1927;1950;2010;3;TA;Artery;6
11228;228000;2097;3;9;SawyerW;1993;1993;2008;12;Gd;Norm;5
7844;149500;1400;3;6;Sawyer;1978;1978;2006;3;TA;Norm;7
8450;142000;1056;3;6;NAmes;1968;1968;2010;7;TA;Norm;6
7060;206300;1344;2;8;Mitchel;1997;1998;2008;11;TA;Norm;5
16635;215000;1602;3;8;NWAmes;1977;2000;2009;6;Gd;Norm;7
21750;113000;988;2;4;Mitchel;1954;1954;2008;2;TA;Artery;5
9200;315000;2630;4;8;NoRidge;1998;1998;2008;6;Gd;Norm;5
9000;139000;1196;2;6;NAmes;1956;1956;2008;5;TA;Norm;5
3378;135000;1389;3;6;OldTown;1946;1992;2009;9;TA;Norm;8
12800;275000;1644;2;5;SawyerW;1989;1989;2009;8;Gd;Norm;5
8593;109008;907;3;5;NAmes;1957;1957;2008;7;TA;Norm;6
11457;175000;1412;3;6;Timber;1988;1988;2009;3;Gd;Norm;5
5586;79900;1198;4;7;OldTown;1920;1998;2008;9;TA;Feedr;7
1890;81000;630;1;3;MeadowV;1972;1972;2008;6;TA;Norm;7
4400;116000;1118;2;6;OldTown;1920;1950;2006;10;TA;Norm;8
15431;555000;2402;2;10;NridgHt;2008;2008;2009;4;Ex;Norm;5
16492;190000;1888;2;6;NAmes;1966;2002;2010;6;Gd;PosA;6
6000;120000;1183;2;6;OldTown;1948;2002;2007;6;TA;Norm;7
5684;110000;813;2;5;OldTown;1930;2005;2006;6;Gd;Norm;8
9303;204000;1756;3;7;Timber;1996;1997;2007;7;TA;Norm;5
9000;210000;1590;3;6;Somerst;2008;2008;2009;6;Gd;Norm;5
9297;188000;1728;4;8;Mitchel;1976;1976;2006;7;TA;Norm;5
9600;175500;1242;3;6;NWAmes;1973;1973;2007;9;TA;Norm;6
4571;98000;1344;4;7;OldTown;1916;1950;2008;5;TA;Norm;5
5100;161000;1666;3;7;OldTown;1925;1996;2008;6;Gd;Norm;7
8004;263435;1935;3;8;Somerst;2009;2009;2009;12;TA;RRAn;5
7200;155000;1135;3;6;SWISU;1936;2007;2009;4;Gd;Feedr;9
8281;62383;864;3;5;Sawyer;1965;1965;2009;12;TA;Norm;5
10628;167000;1277;2;5;NAmes;1970;1970;2007;4;TA;Norm;5
9480;146500;1644;3;7;NAmes;1942;1995;2007;6;Gd;Artery;7
11428;250000;1634;3;7;NridgHt;2006;2006;2007;5;Gd;Norm;5
9291;187000;1710;3;7;SawyerW;1993;1993;2008;6;Gd;RRNe;5
6820;212000;1502;1;4;StoneBr;1985;1985;2010;6;Gd;Norm;5
11952;190000;1969;3;8;NWAmes;1977;1977;2007;11;TA;PosA;6
14977;440000;1976;2;7;NridgHt;2006;2007;2007;7;Gd;Norm;5
5330;251000;1652;2;6;StoneBr;2000;2000;2007;8;Ex;Norm;5
8480;132500;970;2;5;Sawyer;1963;1963;2007;7;TA;Norm;6
13693;380000;2643;3;9;NridgHt;2006;2006;2007;3;Ex;Norm;5
5925;89471;1131;2;7;OldTown;1937;2000;2007;3;TA;Norm;7
16033;326000;1850;3;8;NridgHt;2004;2005;2006;3;Gd;Norm;5
11846;374000;1792;2;6;NridgHt;2003;2004;2006;8;Ex;Norm;5
2500;155000;1826;4;7;OldTown;1915;2005;2009;6;Ex;Norm;8
4500;164000;1216;2;5;Mitchel;1998;1998;2006;5;TA;Norm;5
7758;132500;999;3;6;Sawyer;1962;2001;2007;3;Gd;Norm;7
9600;147000;1113;3;5;NAmes;1950;2007;2009;7;Gd;Norm;7
10289;156000;1073;3;6;NAmes;1965;1965;2007;6;TA;Norm;7
12243;175000;1484;3;7;NWAmes;1971;1971;2007;2;TA;Norm;6
10800;160000;2414;3;10;OldTown;1900;1970;2006;5;TA;Norm;4
1526;86000;630;1;3;MeadowV;1970;2002;2009;5;Gd;Norm;8
2665;115000;1304;3;4;MeadowV;1976;1976;2008;6;TA;Norm;6
9490;133000;1578;3;5;NAmes;1941;1950;2006;8;Fa;Artery;7
7931;155000;1269;3;6;NAmes;1960;1960;2008;6;TA;Norm;6
5784;91300;886;2;4;OldTown;1938;1996;2009;12;TA;Artery;8
12692;430000;3228;4;10;NoRidge;1992;1993;2007;5;Gd;Norm;5
7800;130000;899;3;5;Sawyer;1967;2004;2009;6;Gd;Norm;7
7535;120000;912;2;5;NAmes;1958;1985;2007;6;TA;Norm;7
9803;226700;1768;3;7;Somerst;2005;2005;2008;2;Gd;Norm;5
2308;147000;1322;3;6;NPkVill;1974;1974;2009;6;TA;Norm;5
7596;124500;1960;4;10;OldTown;1952;1952;2009;7;TA;Artery;5
9554;215000;1911;3;8;SawyerW;1993;1994;2006;9;Gd;Norm;5
7862;208300;1218;2;4;Somerst;2009;2009;2009;9;Gd;Norm;5
9600;161000;1378;3;7;OldTown;1928;2005;2008;10;Gd;Norm;9
9600;124500;1041;3;6;NAmes;1959;1959;2009;7;TA;Norm;6
14559;164900;1363;2;6;NAmes;1951;2000;2009;6;TA;Norm;7
6792;202665;1368;2;6;NridgHt;2005;2006;2006;3;Gd;Norm;5
9100;129900;864;3;5;NAmes;1958;1958;2006;7;TA;Feedr;5
9187;134000;1080;3;5;Mitchel;1983;1983;2007;6;TA;Norm;5
12220;402861;2020;3;9;NridgHt;2009;2009;2009;9;Ex;Norm;5
10448;158000;2119;3;7;NWAmes;1972;1972;2009;8;TA;Norm;6
10208;265000;2344;3;7;NoRidge;1996;1997;2009;7;Gd;Norm;5
10800;106250;1294;3;7;OldTown;1900;2000;2008;8;TA;Norm;7
11988;150000;1244;3;6;NAmes;1957;1957;2007;5;TA;Feedr;6
11787;315750;2398;3;8;NoRidge;1996;1997;2007;8;Gd;Norm;5
7500;176000;1266;3;6;Somerst;2005;2005;2006;4;Gd;Norm;5
13300;132000;928;2;4;NAmes;1956;2000;2007;6;TA;Norm;7
14948;446261;2713;3;11;NridgHt;2008;2008;2008;11;Ex;Norm;5
10200;175000;1509;3;5;Timber;1988;1989;2008;8;Gd;Norm;5
7200;107500;827;2;5;NAmes;1955;2007;2010;4;TA;Norm;7
12735;111250;864;3;5;NAmes;1972;1972;2008;4;TA;Norm;5
11553;158000;1159;3;7;Sawyer;1968;1968;2006;7;TA;Norm;5
14601;315000;1838;2;8;Timber;2006;2006;2009;3;Ex;Norm;5
11000;248000;2285;4;8;NoRidge;2000;2000;2007;6;Gd;Norm;5
10140;213250;1680;3;7;NWAmes;1998;1999;2009;6;Gd;RRAn;5
4058;133000;767;1;4;NAmes;1998;1998;2007;6;TA;Norm;5
13837;229000;2183;4;9;NWAmes;1988;1988;2006;2;Gd;Norm;5
7244;129500;768;2;5;Mitchel;1970;1970;2007;4;TA;Norm;7
8235;125000;825;2;4;OldTown;1955;1995;2008;6;TA;Feedr;7
9375;263000;2094;4;8;Somerst;2003;2004;2009;11;Gd;Norm;5
4043;140000;1069;2;4;NPkVill;1977;1977;2008;10;TA;Norm;6
6000;112500;928;3;5;OldTown;1957;1957;2008;6;TA;Norm;6
11146;255500;1717;3;7;NridgHt;2006;2006;2009;7;Gd;Norm;5
10625;284000;2046;3;8;NridgHt;2003;2004;2008;8;Gd;Norm;5
14850;141000;1092;2;6;NAmes;1957;1957;2006;5;TA;Norm;5
11341;121500;1392;3;5;Sawyer;1957;1996;2010;5;TA;Norm;6
10010;170000;1389;2;6;Mitchel;1974;1975;2006;4;TA;Norm;5
13346;268000;2295;4;9;NoRidge;1992;2000;2006;7;Gd;Norm;5
6858;128000;1647;4;6;SWISU;1915;1950;2010;5;Fa;Norm;4
11198;325000;2504;4;11;StoneBr;2005;2007;2008;6;Ex;Norm;5
10171;214000;1535;3;7;NridgHt;2004;2004;2010;3;Gd;Norm;5
12327;316600;2132;1;5;SawyerW;1983;2009;2009;9;Gd;Norm;8
7032;135960;943;2;4;NAmes;1979;1979;2006;12;TA;Norm;5
13101;142600;1728;6;10;NAmes;1965;1965;2008;11;TA;Norm;5
7332;120000;864;2;4;NAmes;1959;1959;2006;10;Gd;Norm;6
13159;224500;1692;3;6;Timber;2009;2009;2009;7;Gd;Norm;5
10500;139000;1109;3;5;NAmes;1971;2005;2007;12;TA;Norm;7
8480;118500;1216;2;6;NAmes;1947;1950;2008;10;TA;Norm;5
6292;145000;1477;3;6;SWISU;1928;1950;2009;8;TA;Norm;7
11777;164500;1320;3;6;Sawyer;1966;1966;2006;5;TA;Norm;6
3604;146000;1392;2;5;Somerst;2007;2007;2008;2;Gd;Norm;5
12150;131500;1795;4;7;OldTown;1954;1954;2008;11;TA;Norm;5
14585;181900;1429;3;7;NAmes;1960;1987;2007;6;Gd;Norm;6
12704;253293;2042;3;8;NridgHt;2008;2009;2009;8;Ex;Norm;5
13500;325000;2775;3;9;OldTown;1893;2000;2008;7;Gd;Artery;9
11443;369900;2028;2;7;Timber;2005;2006;2006;3;Gd;Norm;5
8740;137000;860;2;4;Sawyer;1982;1982;2009;7;TA;Norm;6
13478;451950;2296;3;10;NridgHt;2008;2008;2009;6;Ex;Norm;5
6600;138000;816;2;4;Mitchel;1982;2003;2008;6;TA;Norm;8
11302;319000;1826;3;7;StoneBr;2005;2006;2006;8;Gd;Norm;5
3600;114504;1368;3;7;OldTown;1910;1993;2006;10;TA;Norm;7
10927;275000;1904;3;8;NridgHt;2005;2005;2006;6;Ex;Norm;5
10041;220000;1915;3;8;SawyerW;1992;1992;2006;2;Gd;Norm;5
3182;151000;1200;2;4;Somerst;2004;2005;2010;6;Gd;Norm;5
13600;205000;1986;3;7;NAmes;1965;1990;2009;10;TA;Norm;6
7943;118500;1029;3;5;Sawyer;1961;1961;2007;4;TA;Feedr;5
10395;148000;1032;3;6;NWAmes;1978;1978;2007;7;TA;Norm;6
8402;147000;1120;3;6;Mitchel;2007;2007;2007;12;TA;Feedr;5
1491;75500;630;1;3;MeadowV;1972;1972;2010;5;TA;Norm;6
8800;137500;1054;3;6;NAmes;1963;1963;2010;5;Gd;Feedr;7
7227;105500;832;2;4;NAmes;1954;1954;2008;6;Gd;Artery;6
11694;314813;1828;3;9;NridgHt;2007;2007;2007;7;Gd;Norm;5
12244;305000;2262;4;10;Timber;2003;2003;2008;8;Gd;Norm;5
10800;240000;2614;4;9;NWAmes;1974;1997;2008;6;TA;Norm;7
7064;135000;980;3;6;Sawyer;1977;1977;2009;7;TA;Norm;6
2117;168500;1512;2;4;Somerst;2000;2000;2007;6;Gd;Norm;5
10400;165150;1790;4;8;NWAmes;1972;1972;2006;11;TA;Norm;5
10000;160000;1116;3;5;NAmes;1962;1962;2010;2;TA;Norm;6
12342;139900;1422;3;6;NAmes;1960;1978;2007;8;TA;Norm;5
9600;153000;1520;3;7;NAmes;1955;1972;2010;3;TA;Norm;6
11606;135000;2080;5;9;NAmes;1969;1969;2007;9;Fa;Norm;5
9020;168500;1350;3;6;NAmes;1964;1964;2008;6;TA;Feedr;5
9000;124000;1750;3;8;OldTown;1880;1991;2006;6;Ex;Artery;6
4590;209500;1554;2;6;NridgHt;2006;2006;2007;8;Gd;Norm;5
11900;82500;1411;3;6;NWAmes;1977;1977;2009;4;TA;Norm;5
9250;139400;1056;3;6;NAmes;1954;2005;2007;7;TA;Norm;7
6979;144000;1056;0;4;OldTown;1980;1980;2010;6;TA;Norm;5
10896;200000;3395;8;14;SWISU;1914;1995;2007;3;Fa;Feedr;7
6000;93000;1387;3;7;OldTown;1954;1954;2009;11;Gd;Norm;4
12677;274000;1518;1;6;NridgHt;2003;2004;2008;4;Ex;Norm;5
7050;226000;1929;3;7;Somerst;2001;2001;2007;5;Gd;Norm;5
13860;345000;2704;4;9;NAmes;1972;1995;2009;7;Ex;Norm;7
10793;152000;1620;4;7;NWAmes;1969;1969;2007;4;TA;RRAn;5
9187;370878;1766;2;7;Somerst;2009;2009;2009;10;Ex;Norm;5
10530;143250;981;3;5;NAmes;1971;1971;2007;3;TA;Norm;5
7200;98300;1048;3;7;NAmes;1950;1950;2008;7;TA;Norm;5
7700;155000;1839;4;7;NAmes;1966;1966;2010;6;TA;PosN;5
1936;84500;630;1;3;MeadowV;1970;1970;2007;12;TA;Norm;6
8125;205950;1665;3;7;Somerst;2007;2007;2008;5;Gd;Norm;6
10437;350000;2113;2;7;NoRidge;1995;1995;2008;8;Gd;Norm;6
10007;145500;1053;3;5;NAmes;1959;2006;2008;8;Gd;Norm;7
17503;97500;1458;3;6;NAmes;1948;1950;2010;1;TA;Artery;5
12384;197900;1935;3;7;NWAmes;1976;1976;2007;11;TA;Norm;7
46589;402000;2448;4;8;NoRidge;1994;2005;2009;7;Gd;Norm;7
13560;110000;1392;2;5;NAmes;1968;1968;2009;7;TA;Norm;3
20896;423000;2097;1;8;Somerst;2005;2006;2006;1;Ex;RRAn;5
18450;129000;2380;3;7;NAmes;1965;1979;2007;8;TA;Norm;5
8125;193500;1679;3;7;SawyerW;1994;1998;2008;10;Gd;Norm;5
14175;168000;1437;3;6;Sawyer;1956;1987;2006;11;TA;Norm;6
11250;165000;1208;3;6;Veenker;1977;1977;2006;6;TA;Norm;6
9200;140000;1136;3;5;NAmes;1965;1965;2008;7;TA;Norm;6
2289;148500;1441;3;7;NPkVill;1978;1978;2009;4;TA;Norm;6
9600;87000;1774;4;8;OldTown;1900;1950;2006;5;TA;Norm;2
9022;109500;792;2;5;OldTown;1924;2006;2009;5;Gd;Norm;8
11844;372500;2046;3;7;StoneBr;2008;2008;2009;7;Gd;Norm;5
9945;128500;988;3;5;Sawyer;1961;1961;2007;10;TA;Norm;5
8012;143000;923;2;5;SawyerW;1980;1980;2010;5;TA;Norm;5
4500;159434;1520;3;6;SWISU;1932;2000;2009;7;TA;Norm;5
16770;221000;1839;4;7;NoRidge;1998;1998;2010;6;TA;Norm;5
5062;207500;2090;3;6;StoneBr;1984;1984;2007;9;Gd;Norm;5
10207;227875;1761;3;7;Somerst;2007;2007;2007;8;Gd;Norm;6
5105;148800;1102;2;4;Somerst;2004;2004;2007;3;Gd;Norm;5
8089;392000;1419;2;7;StoneBr;2007;2007;2007;10;Gd;Norm;6
7577;194700;1362;2;6;NridgHt;2005;2006;2007;6;Gd;Norm;5
21535;755000;4316;4;10;NoRidge;1994;1995;2007;1;Ex;Norm;6
26178;335000;2519;4;9;Timber;1989;1990;2006;4;Gd;Norm;5
5400;108480;1073;2;4;OldTown;1921;1968;2006;12;TA;Norm;6
13811;176000;1137;2;5;Timber;1987;1987;2006;7;Gd;Norm;6
8450;138500;894;3;5;Sawyer;1965;2009;2010;4;TA;RRAe;8
4282;196000;1391;2;5;Somerst;2004;2004;2008;7;Gd;Norm;5
14331;312500;1800;3;7;Timber;2002;2002;2006;5;Gd;Norm;5
9600;140000;1164;3;6;NWAmes;1969;1969;2006;7;TA;Norm;5
12438;361919;2576;4;10;StoneBr;2006;2006;2006;7;Ex;Norm;5
7630;140000;1812;4;8;OldTown;1900;1996;2010;5;Gd;Feedr;9
6240;254000;1324;2;6;NridgHt;2006;2006;2009;12;Gd;Norm;5
7162;109900;904;3;6;Sawyer;1966;1966;2008;12;TA;Norm;7
4671;189000;1228;2;5;StoneBr;1988;1989;2008;10;Gd;Norm;5
13517;130500;1479;3;6;Sawyer;1976;2005;2010;3;Gd;RRAe;8
10140;165000;1350;3;7;NWAmes;1974;1974;2009;8;TA;Norm;5
10800;159500;2554;3;8;OldTown;1890;1998;2007;7;TA;Norm;8
10000;157000;1178;3;5;NWAmes;1973;2000;2008;11;Gd;Norm;6
10542;341000;2418;3;9;NoRidge;1993;1994;2008;8;Gd;Norm;5
6563;275000;1742;2;5;StoneBr;1985;1985;2006;12;Gd;Norm;5
8120;124500;864;3;5;NAmes;1970;1970;2009;7;TA;Norm;7
6960;120500;864;3;5;NAmes;1970;1970;2009;11;Gd;Norm;6
11475;110000;1776;4;9;NAmes;1958;1958;2009;7;TA;Norm;5
5389;236500;1616;2;5;StoneBr;1995;1996;2010;3;Gd;Norm;5
9590;187500;1146;3;6;Timber;2003;2003;2007;5;Gd;Norm;5
10000;131400;1144;3;6;Sawyer;1961;1983;2009;3;TA;Feedr;6
8978;108000;948;3;6;Sawyer;1968;1968;2007;5;TA;Norm;5
10800;163000;1768;2;6;OldTown;1914;1970;2006;10;TA;Norm;7
8544;93500;1040;2;6;NAmes;1950;1950;2006;7;TA;Norm;4
9600;132000;1432;2;7;OldTown;1910;2002;2007;5;TA;Norm;7
6768;142000;912;3;5;Sawyer;1961;1996;2008;5;Gd;Feedr;8
8450;179000;1349;3;6;SawyerW;2000;2001;2007;12;TA;Norm;5
12886;175000;1464;3;6;Sawyer;1963;1999;2009;10;TA;Norm;6
5395;180000;1337;2;5;StoneBr;1993;1993;2008;10;Gd;Norm;5
8963;299800;2715;4;11;NWAmes;1976;1996;2008;7;Gd;Norm;9
11700;265979;2640;4;8;OldTown;1880;2003;2009;5;Gd;Norm;7
10593;260400;1720;3;7;NoRidge;1996;1996;2010;3;Gd;Norm;5
8800;96500;1140;3;7;OldTown;1910;2004;2010;6;TA;Norm;7
10240;275500;2098;3;8;NridgHt;2005;2005;2006;3;Ex;Norm;5
7930;156000;1026;3;5;NAmes;1969;2005;2009;7;Gd;Norm;8
3230;172500;1471;3;6;Somerst;1999;1999;2009;3;TA;Norm;5
11616;158900;1386;3;6;Sawyer;1978;1978;2010;4;TA;Norm;5
2280;179400;1501;3;6;Somerst;1999;1999;2008;8;TA;Norm;5
12257;290000;2531;4;9;NoRidge;1995;1995;2007;11;Gd;Norm;5
9100;127500;864;2;5;NAmes;1959;1959;2009;10;TA;Norm;6
8640;215200;1547;3;7;Somerst;2009;2009;2010;6;Gd;Norm;5
9430;337000;2365;3;8;NoRidge;1999;1999;2009;7;Gd;Norm;5
9549;270000;1494;2;6;Veenker;1995;1996;2006;4;Ex;Norm;5
14587;264132;1506;2;6;Somerst;2008;2008;2008;8;Ex;Norm;5
10421;196500;1714;3;7;NWAmes;1988;1988;2010;3;TA;Norm;5
12508;160000;1750;4;7;Mitchel;1940;1985;2008;7;TA;Norm;7
53504;538000;3279;4;12;StoneBr;2003;2003;2010;6;Ex;Norm;5
7252;134900;858;2;5;Sawyer;1982;1982;2009;4;TA;Norm;5
10150;114500;912;2;5;NAmes;1958;1958;2007;7;TA;Feedr;5
14226;395000;1973;3;9;NridgHt;2006;2006;2007;7;Gd;Norm;5
4500;162000;1204;2;5;Mitchel;1998;1998;2009;6;TA;Norm;5
13350;142500;894;3;5;Sawyer;1974;1974;2006;6;TA;Norm;5
8400;144000;2020;4;10;SawyerW;1977;1977;2007;10;TA;Feedr;5
10530;135000;1004;2;4;Mitchel;1977;1977;2006;5;TA;Norm;5
7153;175900;1603;3;7;SawyerW;1992;1992;2006;7;Gd;Norm;5
9101;165500;1110;1;4;Mitchel;1978;1978;2009;7;Gd;Norm;6
6300;128000;1484;3;9;OldTown;1914;2001;2008;6;TA;Norm;6
9790;161500;1342;3;7;NWAmes;1967;1967;2009;9;TA;Feedr;5
10800;139000;1652;4;7;OldTown;1915;1950;2010;6;TA;Artery;6
10142;233000;2084;4;8;SawyerW;2004;2004;2010;1;Gd;Norm;5
6000;107900;901;2;4;OldTown;1954;2000;2008;8;TA;Norm;7
11333;146800;1062;3;5;Mitchel;1976;1976;2007;5;TA;Norm;5
9920;269790;2013;3;8;NoRidge;1996;1997;2007;6;TA;Norm;5
9158;225000;1496;3;7;Somerst;2007;2007;2007;6;Gd;Norm;5
8400;171000;1564;3;7;SawyerW;1980;1981;2010;4;TA;Norm;6
8197;143500;1285;3;7;Sawyer;1977;1977;2007;4;TA;Norm;5
7677;110000;773;2;4;NAmes;1953;1953;2008;4;TA;Norm;5
13518;485000;3140;4;11;NridgHt;2008;2009;2009;7;Ex;Norm;5
7200;175000;1768;3;7;SWISU;1937;1950;2007;6;Gd;Feedr;7
13891;582933;2822;4;12;NridgHt;2008;2009;2009;1;Ex;Norm;5
9000;118000;1128;2;5;NAmes;1954;1954;2006;6;TA;Norm;5
12274;227680;1428;3;6;Somerst;2008;2008;2008;7;Ex;Norm;5
9750;135500;980;3;6;NAmes;1967;1967;2006;10;TA;Norm;5
13400;159950;1086;3;6;NAmes;1966;1966;2006;6;TA;Norm;5
8100;106000;2138;2;11;OldTown;1898;1965;2009;11;TA;Norm;5
10140;181000;1309;3;5;NWAmes;1974;1999;2006;1;Gd;Norm;6
9750;157900;1442;4;7;NAmes;1958;1958;2007;4;TA;Norm;6
11425;137000;1008;2;4;NAmes;1954;1954;2006;7;TA;Norm;6
13265;271000;1689;3;7;Mitchel;2002;2002;2008;7;Gd;Norm;5
6371;224000;1358;2;6;NridgHt;2009;2010;2010;6;Gd;Norm;5
6000;93000;936;2;4;OldTown;1953;1953;2009;2;TA;Norm;4
9900;139500;1489;3;7;SWISU;1940;1950;2009;7;TA;Norm;7
11216;232600;1489;3;7;Somerst;2006;2006;2006;6;Gd;Norm;5
14803;385000;2084;2;7;NridgHt;2007;2008;2008;6;Ex;PosN;5
8529;189000;1434;3;6;SawyerW;2001;2001;2009;4;Gd;Norm;5
2544;147400;1223;2;4;Somerst;2005;2005;2006;7;Gd;Norm;5
11900;166000;1392;3;6;NAmes;1957;1957;2008;6;TA;Norm;5
3180;151000;1200;2;4;Somerst;2005;2005;2006;6;Gd;Norm;5
10004;167000;1516;3;6;NAmes;1964;1964;2009;2;TA;Norm;6
7875;139950;1144;3;6;NAmes;1961;1961;2008;9;TA;Norm;6
9600;128000;1067;2;4;Sawyer;1950;1995;2010;2;Gd;Norm;7
8100;153500;1559;2;5;OldTown;1948;1973;2007;6;TA;Norm;6
12155;140000;1482;4;7;SWISU;1925;1950;2008;3;Fa;Norm;8
10440;157500;1539;3;8;OldTown;1904;2002;2008;6;Gd;Norm;8
9020;174900;1165;3;6;NAmes;1966;1966;2008;5;TA;Norm;7
8000;141000;1800;6;10;NAmes;1961;1961;2007;7;TA;Artery;4
12665;153900;1416;4;7;OldTown;1915;1950;2008;6;TA;Artery;8
16647;171000;1701;3;6;Sawyer;1975;1981;2007;1;TA;RRAe;5
9317;213000;1775;3;7;SawyerW;1993;1993;2009;7;Gd;Norm;5
9600;187000;1855;3;7;Veenker;1976;1994;2007;8;TA;Feedr;7
12095;158000;1445;3;7;NAmes;1964;1964;2009;8;TA;Norm;6
17920;170000;1779;3;6;Sawyer;1955;1974;2006;7;TA;Norm;4
6897;127000;1040;3;6;Sawyer;1962;2010;2010;4;TA;Norm;8
10400;152000;1370;3;6;NWAmes;1976;1976;2009;6;TA;Norm;5
11029;250000;2654;4;9;NWAmes;1968;1984;2006;8;Gd;PosA;7
11625;131500;1039;3;6;Sawyer;1965;1965;2010;4;TA;Norm;4
9672;152000;1097;3;6;SawyerW;1984;1985;2010;5;TA;Norm;5
7931;132500;1148;3;6;NAmes;1959;1959;2009;7;TA;Norm;5
8640;250580;1372;3;6;Somerst;2007;2008;2008;5;Gd;Norm;5
8750;148500;1002;3;5;NAmes;1970;1970;2009;8;TA;Norm;6
10656;248900;1646;3;6;Timber;2006;2007;2007;11;Gd;Norm;5
6970;129000;1120;3;5;Sawyer;1961;1961;2007;5;Fa;Feedr;5
9938;236000;1949;3;8;SawyerW;1993;1994;2010;6;Gd;Norm;5
6600;109500;894;2;5;NAmes;1962;1962;2009;8;TA;PosN;5
8892;116000;910;3;5;NAmes;1953;1996;2008;10;Gd;Norm;7
12144;133000;1268;3;6;NAmes;1949;1950;2009;9;TA;Norm;7
5720;66500;1131;3;5;OldTown;1941;1950;2009;8;TA;Artery;6
9000;303477;2610;4;11;Somerst;2007;2007;2007;8;Ex;Norm;5
25286;132250;1040;3;5;Mitchel;1963;1963;2007;1;TA;Norm;5
8834;350000;2224;4;10;NridgHt;2004;2005;2009;6;Ex;Norm;5
11782;148000;1155;3;6;Sawyer;1961;1995;2010;6;Gd;Norm;7
13758;187500;1717;3;7;Timber;1990;1991;2007;4;Gd;Norm;5
6204;118500;2230;5;10;SWISU;1912;1950;2006;3;TA;Norm;5
7150;100000;892;3;5;NAmes;1967;1967;2009;7;TA;Norm;5
5119;328900;1709;2;5;Somerst;1999;2000;2008;1;Gd;Norm;5
8393;145000;1712;4;8;NAmes;1959;2005;2006;6;TA;Norm;5
15865;268000;2217;4;8;NAmes;1970;1970;2007;10;Gd;Norm;6
12160;149500;1505;2;6;NAmes;1953;1953;2009;2;TA;Feedr;4
8064;122900;924;3;6;NAmes;1949;2006;2007;7;TA;Artery;7
11184;172500;1683;3;7;Sawyer;1978;1978;2009;7;TA;Norm;5
8414;154500;1068;3;6;Sawyer;1963;2003;2006;2;TA;Norm;8
13284;165000;1383;3;6;Sawyer;1954;1954;2008;6;TA;PosN;5
7018;118858;1535;4;8;SawyerW;1979;1979;2009;6;TA;Norm;5
7056;140000;1796;4;8;NAmes;1963;1963;2008;10;TA;Norm;5
7018;142953;2240;6;12;SawyerW;1979;1979;2009;6;TA;Feedr;5
12919;611657;2364;2;11;NridgHt;2009;2010;2010;3;Ex;Norm;5
6993;135000;1236;3;6;Sawyer;1961;1994;2006;6;TA;Feedr;7
7340;110000;858;2;4;NAmes;1971;1971;2007;6;TA;Norm;6
8712;153000;1306;2;5;NAmes;1957;2000;2009;5;TA;Norm;7
6173;125500;902;3;6;Sawyer;1967;1967;2007;8;TA;Norm;6
9920;128000;1063;3;6;NAmes;1954;1954;2010;2;TA;Norm;5
13501;255000;1636;3;8;Somerst;2006;2006;2007;6;Gd;Norm;5
8885;131000;902;2;5;Mitchel;1983;1983;2006;6;TA;Norm;5
11600;154300;2274;5;12;NAmes;1960;1960;2010;1;TA;Feedr;5
3000;173733;1224;2;4;Somerst;2009;2009;2009;6;Gd;Norm;5
2001;75000;1092;3;6;MeadowV;1970;1970;2007;1;TA;Norm;5
13125;238000;2127;4;8;SawyerW;1991;1991;2007;11;Gd;Norm;5
11029;176500;1414;3;6;NAmes;1958;2002;2008;5;TA;Norm;8
8462;201000;1721;3;7;SawyerW;1994;1994;2007;7;Gd;Norm;5
8012;193000;1617;2;5;SawyerW;1993;1994;2008;7;Gd;Norm;5
10240;207500;1686;3;7;NWAmes;1980;1980;2006;5;TA;Norm;6
15611;175000;1126;3;6;NWAmes;1977;1977;2008;3;Ex;Norm;6
11999;285000;2374;4;10;NridgHt;2003;2004;2007;5;Ex;Norm;5
9900;176000;1978;4;9;NWAmes;1968;1968;2008;4;TA;Feedr;5
8925;201000;1466;3;7;Timber;2007;2007;2009;7;Gd;Norm;5
9100;117500;925;2;5;NAmes;1965;1965;2009;7;TA;Norm;6
11670;320000;1905;3;8;Somerst;2006;2006;2007;3;Ex;RRNn;5
27650;242000;2069;4;9;NAmes;1960;2007;2008;11;Gd;PosA;7
10083;184900;1200;2;5;SawyerW;2003;2003;2009;8;Gd;Norm;5
9675;253000;1971;3;8;Somerst;2005;2005;2009;2;Gd;Norm;5
12640;150900;1728;4;8;Mitchel;1976;1976;2006;7;TA;Norm;5
25000;143000;1632;4;8;Mitchel;1967;1967;2007;6;TA;Norm;4
14375;137500;1344;3;7;Timber;1958;1958;2009;1;Gd;Norm;6
8820;124900;1869;2;7;OldTown;1890;1996;2009;9;TA;Norm;6
8163;143000;1144;3;6;NAmes;1959;1959;2006;3;TA;Norm;6
14536;270000;1629;3;9;Timber;2002;2003;2007;11;Gd;Norm;5
9360;197500;1381;3;5;NWAmes;1972;2006;2010;3;Gd;Norm;7
7200;129000;864;3;5;NAmes;1950;2002;2007;7;Gd;Norm;8
7800;119900;965;3;6;SawyerW;1965;1965;2006;7;TA;Norm;5
11075;172000;1968;4;7;Mitchel;1969;1969;2008;9;TA;Norm;4
7420;132000;1057;3;6;Sawyer;1962;1962;2007;4;TA;Norm;5
2572;155000;1416;3;6;Somerst;1999;1999;2010;5;Gd;Norm;5
12227;272000;2872;4;11;NWAmes;1977;1995;2008;7;TA;PosN;7
2308;155000;1548;3;7;NPkVill;1976;1976;2007;7;Gd;Norm;6
11316;214900;1894;4;8;Timber;2002;2003;2010;2;Gd;Norm;5
7390;135000;1098;3;6;NAmes;1955;1955;2008;7;TA;Norm;7
5925;37900;968;2;6;OldTown;1910;1950;2009;5;TA;Norm;6
10382;140000;1095;2;6;NAmes;1958;1958;2006;3;TA;Norm;5
10800;135000;1192;4;6;NAmes;1949;1950;2006;12;TA;Norm;4
2268;173000;1626;2;6;NridgHt;2003;2004;2009;7;Gd;Norm;5
7892;99500;918;2;5;SawyerW;1979;1979;2010;4;TA;Norm;5
11639;182000;1428;3;6;Somerst;2007;2008;2008;12;Gd;Norm;5
2651;165000;1382;3;6;Somerst;2000;2000;2006;4;Gd;Norm;5
4274;199900;1241;1;4;Somerst;2006;2007;2007;11;Gd;Norm;5
8816;139000;1121;3;5;Sawyer;1963;1963;2009;6;TA;Feedr;6
12122;178400;999;3;6;NAmes;1961;2007;2008;7;Ex;Norm;9
12203;336000;2612;4;8;NoRidge;1998;1999;2009;7;Gd;Norm;5
10125;126000;1734;4;8;Mitchel;1977;1977;2009;8;Gd;Norm;5
5310;117000;1635;2;5;OldTown;1910;2003;2006;6;Gd;Feedr;8
10159;395192;1940;3;8;NridgHt;2009;2010;2010;4;Ex;Norm;5
12046;195000;2030;4;8;NWAmes;1976;1976;2007;6;Gd;Norm;6
8125;197000;1576;3;6;Somerst;2006;2006;2006;8;Gd;Norm;5
9452;348000;2392;3;7;NoRidge;1997;1998;2006;6;Gd;Norm;5
17671;168000;1742;4;8;OldTown;1882;1986;2009;11;Gd;Artery;9
9760;187000;1851;3;7;NAmes;1964;1993;2007;7;Gd;Norm;8
12456;337500;1718;3;7;NridgHt;2006;2007;2009;7;Ex;Norm;5
10659;136500;1050;3;6;NAmes;1961;1961;2006;1;TA;Norm;6
11717;185000;1442;2;6;NWAmes;1970;1970;2009;2;TA;PosA;6
5400;86000;691;2;4;OldTown;1920;1950;2007;1;Ex;Norm;6
11957;232000;1574;3;7;Somerst;2006;2006;2008;7;Gd;RRAn;5
11500;136905;1680;4;8;NWAmes;1976;1976;2007;6;TA;Feedr;6
12155;163500;1657;3;7;NAmes;1970;1970;2007;3;TA;PosN;3
2217;88000;1092;3;6;MeadowV;1970;1970;2009;8;TA;Norm;4
12118;240000;1710;3;7;Mitchel;2004;2005;2009;4;Gd;Norm;5
6000;102000;1522;4;7;SWISU;1926;1950;2006;6;TA;Norm;5
21286;135000;1271;4;7;Sawyer;1948;1950;2008;8;TA;Norm;5
7200;85000;1022;2;4;OldTown;1910;2006;2009;6;TA;Norm;4
11664;119200;1082;2;5;NAmes;1948;1950;2007;11;TA;Artery;5
8400;227000;1665;3;6;NWAmes;2001;2001;2009;11;Gd;Norm;6
5814;187500;1360;1;4;StoneBr;1984;1984;2009;8;Gd;Norm;5
9439;87000;1248;2;6;OldTown;1930;1950;2007;3;TA;Norm;5
15498;287000;2898;2;10;Timber;1976;1976;2008;5;Gd;Norm;6
9300;167500;1264;3;6;NAmes;1960;1960;2010;4;TA;Feedr;5
9520;293077;1646;3;7;Timber;2007;2008;2008;4;Gd;Norm;5
9492;105000;1376;3;6;NAmes;1941;1950;2007;4;TA;Artery;5
7082;160000;1928;5;10;SWISU;1916;1995;2006;7;TA;Norm;8
15863;197000;3082;5;12;SWISU;1920;1970;2009;8;TA;Norm;3
14541;310000;2520;5;10;NoRidge;1993;1993;2006;11;Gd;Norm;7
12898;315500;1620;2;6;Timber;2007;2008;2009;9;Ex;Norm;5
1533;97000;1344;3;6;MeadowV;1970;2008;2009;5;TA;Norm;6
1477;80000;630;1;3;MeadowV;1970;1970;2009;4;TA;Norm;4
13125;155000;1803;3;8;Sawyer;1957;2000;2006;1;TA;Norm;4
9130;173000;1632;4;7;NWAmes;1966;2000;2008;7;Gd;Feedr;8
5381;196000;1306;1;5;NridgHt;2005;2005;2009;8;Gd;Norm;5
11839;262280;2329;4;10;SawyerW;1990;1990;2008;5;Gd;Norm;5
9600;278000;2524;4;9;NWAmes;1981;1981;2009;7;Gd;PosN;5
16056;556581;2868;4;11;StoneBr;2005;2006;2006;7;Ex;Norm;5
21750;115000;1771;3;9;Mitchel;1960;2006;2009;11;TA;Norm;4
9500;165000;1977;4;9;NAmes;1964;1978;2007;6;TA;Artery;6
11361;180000;1523;3;7;NWAmes;1976;1976;2008;5;TA;Norm;5
7052;185850;1364;2;6;NridgHt;2005;2005;2006;6;Gd;Norm;5
29959;248000;1850;3;7;NoRidge;1994;1994;2009;1;Gd;Norm;6
11308;335000;2184;3;10;NridgHt;2008;2008;2009;7;Ex;Norm;5
4920;213500;1338;2;6;StoneBr;2001;2001;2010;4;Gd;Norm;5
13600;90000;2337;5;10;OldTown;1900;1950;2007;9;TA;Norm;5
6000;110500;1103;2;5;OldTown;1925;1980;2006;7;Gd;Artery;6
11000;154000;1154;3;6;NAmes;1966;1966;2009;11;TA;Norm;6
9760;167900;1611;4;7;NAmes;1964;1964;2008;6;TA;Norm;6
3964;151400;2521;5;10;MeadowV;1973;1973;2006;6;TA;Norm;4
9600;135000;893;2;4;NAmes;1949;2003;2007;5;Gd;Norm;7
10152;135000;1048;3;6;NAmes;1956;1956;2007;6;TA;Norm;5
11700;154000;1556;4;8;NWAmes;1968;1968;2009;5;TA;RRAn;6
10800;170000;1466;3;7;OldTown;1936;1989;2006;4;Gd;Norm;8
15870;138800;1096;3;6;NAmes;1969;1969;2006;3;TA;Norm;5
11040;145000;1258;3;5;NWAmes;1971;2004;2008;10;Gd;Norm;7
7500;133000;1040;3;5;Sawyer;1963;1963;2010;6;TA;Feedr;5
8800;160000;1251;3;6;NAmes;1964;1964;2006;3;TA;Norm;6
9069;147000;996;2;5;SawyerW;1992;1992;2010;4;Gd;Norm;6
1974;83500;1092;3;6;MeadowV;1973;1973;2010;5;TA;Norm;5
10574;252000;1953;3;9;Somerst;2005;2006;2009;5;Gd;Norm;5
3316;197000;1247;1;4;Somerst;2005;2005;2006;4;Gd;Norm;5
8544;92900;1040;2;6;NAmes;1950;1950;2009;6;TA;Norm;4
2160;160000;1252;2;4;Somerst;1999;2000;2008;3;Gd;Norm;5
8400;136500;1694;4;7;SWISU;1925;1950;2008;6;TA;Norm;5
9230;146000;1200;1;6;NAmes;1965;1998;2006;10;Gd;Feedr;8
5868;129000;936;2;4;NAmes;1956;2000;2010;5;TA;Norm;7
3696;170000;1088;2;5;StoneBr;1986;1986;2007;10;Gd;Norm;5
11880;157000;1601;3;7;NWAmes;1978;1978;2009;4;TA;RRAn;5
8400;60000;438;1;3;SWISU;1920;1950;2009;1;Fa;Norm;5
9758;119500;950;3;5;NAmes;1971;1971;2007;7;TA;Norm;5
7000;135000;1134;2;6;NAmes;1960;2002;2007;4;TA;Norm;7
8910;159500;1194;3;6;NAmes;1959;1959;2006;7;TA;Norm;6
12256;325000;2622;3;9;NoRidge;1994;1995;2010;4;Gd;Norm;5
10357;179900;1442;3;6;SawyerW;1990;1991;2007;5;Gd;Feedr;5
11362;280000;1836;3;7;NridgHt;2004;2005;2009;3;Gd;Norm;5
10480;205000;1964;4;8;NWAmes;1976;1976;2008;9;TA;Norm;6
7100;129900;816;2;5;NAmes;1957;1957;2006;7;TA;Norm;7
8923;134500;1008;2;6;NAmes;1953;2006;2007;5;Gd;Norm;7
5400;117000;833;2;4;OldTown;1954;2000;2006;8;Gd;Norm;7
12085;318000;1734;3;7;NridgHt;2007;2007;2007;11;Ex;Norm;5
9764;130000;894;3;5;Sawyer;1967;2003;2008;5;Gd;Feedr;7
13825;140000;1601;3;6;Sawyer;1958;1987;2008;12;TA;Norm;6
7560;133700;1040;3;6;NAmes;1959;1959;2006;7;TA;Norm;5
10434;115000;1005;2;5;NAmes;1955;1955;2009;11;Fa;Norm;5
7200;140000;936;2;4;OldTown;1980;1980;2007;8;TA;Norm;5
7804;135000;1981;4;7;SWISU;1928;1950;2009;12;Gd;Norm;3
10712;93500;974;3;5;Mitchel;1991;1992;2007;9;TA;Norm;5
9900;117500;2210;5;8;OldTown;1880;1950;2007;5;Fa;Norm;4
9828;239500;2020;3;8;SawyerW;1995;1995;2009;6;Gd;Norm;5
9600;119000;1252;3;6;NAmes;1950;1950;2008;4;TA;Norm;5
6342;94000;1020;2;6;Sawyer;1875;1996;2010;5;TA;Feedr;8
9819;196000;1567;2;5;Mitchel;1977;1977;2009;5;Gd;Norm;5
7350;139000;952;2;4;NAmes;1951;1951;2008;6;TA;Norm;7
10304;197500;1868;4;9;NWAmes;1976;1976;2009;10;Gd;PosN;7
9000;80000;1006;3;5;Sawyer;1959;1959;2008;7;TA;Norm;3
11200;180000;1298;3;5;SawyerW;1985;1985;2006;5;Gd;Norm;5
5700;116900;1111;2;5;OldTown;1926;1950;2008;8;TA;Norm;7
9000;143000;1482;3;7;OldTown;1920;1988;2009;7;TA;Artery;9
8280;124000;932;2;4;NAmes;1950;1950;2007;11;Gd;Norm;5
13700;201800;1820;4;8;NAmes;1965;1988;2008;5;Gd;Norm;6
10768;218000;1437;3;6;Veenker;1976;2004;2007;7;Gd;Norm;8
9350;179900;1265;3;6;NAmes;1965;1999;2008;10;Gd;Norm;8
5001;230000;1314;2;6;NridgHt;2007;2008;2009;7;Gd;Norm;5
11932;235128;1580;3;7;Somerst;2007;2008;2008;6;Gd;Feedr;5
9120;185000;1876;4;8;NWAmes;1974;1974;2008;7;Gd;Norm;6
2280;146000;1456;3;7;NPkVill;1978;1978;2010;7;TA;Norm;5
8724;129000;894;3;5;Sawyer;1968;1968;2007;5;TA;Norm;5
12900;108959;1258;0;6;Sawyer;1969;1969;2008;1;TA;Feedr;4
16157;194000;1432;2;5;Veenker;1978;1978;2007;6;Gd;Feedr;7
9541;233170;1502;3;7;NridgHt;2009;2009;2009;9;Gd;Norm;5
35760;625000;3627;4;10;NoRidge;1995;1996;2006;7;Gd;Norm;5
9880;171000;1118;3;6;Mitchel;1977;1977;2008;7;TA;Norm;6
9120;163000;1261;3;6;NAmes;1958;1958;2008;11;TA;Norm;6
4017;171900;1250;2;5;Somerst;2006;2007;2008;3;Gd;Norm;5
10678;285000;2872;4;9;NoRidge;1992;2000;2007;4;Gd;Norm;5
6951;119500;923;3;5;Mitchel;1984;1985;2008;10;TA;Norm;5
3950;115000;1224;3;5;OldTown;1926;2004;2009;12;TA;Artery;8
11170;250000;2514;4;8;Timber;1990;1991;2006;4;TA;Norm;5
15623;745000;4476;4;10;NoRidge;1996;1996;2007;7;Ex;Norm;5
10800;120000;1130;2;5;OldTown;1920;1950;2006;6;TA;Norm;6
35133;186700;1572;3;5;Timber;1963;1963;2007;5;TA;Norm;4
10615;95000;1699;3;7;OldTown;1900;1970;2009;8;TA;Artery;5
12461;262000;1624;2;5;NoRidge;1994;1995;2006;7;Gd;Norm;5
32463;168000;1622;3;7;Mitchel;1961;1975;2007;3;TA;Norm;4
2645;174000;1441;2;5;Somerst;1999;2000;2007;11;Gd;Norm;5
9600;125000;1472;3;6;OldTown;1925;1994;2007;7;Gd;Norm;8
4500;165000;1224;2;5;Mitchel;1999;1999;2009;6;TA;Norm;5
9364;158000;1352;4;7;Sawyer;1969;1969;2010;3;TA;Norm;7
8850;144000;1690;3;7;OldTown;1916;1950;2006;7;TA;Norm;6
11235;148000;1382;3;6;Sawyer;1963;1979;2006;10;TA;Norm;5
9353;116050;864;3;5;NAmes;1970;1970;2006;7;TA;Norm;5
10140;153500;1074;3;6;NWAmes;1975;1975;2006;7;TA;Norm;6
14684;271900;2196;3;7;SawyerW;1990;1991;2009;6;Gd;Norm;7
8900;107000;1056;2;5;SawyerW;1966;1966;2006;11;TA;Norm;4
7763;140000;1283;3;6;NAmes;1962;1980;2008;10;TA;Norm;7
10182;290000;1660;3;8;Somerst;2006;2006;2006;5;Gd;RRNn;5
11218;189000;1845;3;8;SawyerW;1992;1992;2010;5;Gd;Norm;5
10246;145000;960;0;3;Sawyer;1965;2001;2006;5;TA;Norm;9
10205;134500;999;3;6;NAmes;1962;1962;2006;5;TA;Norm;5
7094;125000;894;3;5;Sawyer;1966;1966;2007;5;TA;Norm;5
8930;112000;1902;4;8;Sawyer;1978;1978;2010;4;TA;RRAe;5
8640;229456;1314;3;6;Somerst;2009;2009;2009;9;Gd;Norm;5
7800;115000;912;2;5;NAmes;1964;1964;2006;11;TA;Norm;5
8250;134000;1211;3;5;Sawyer;1968;1968;2008;8;TA;Feedr;5
10496;143000;1846;3;7;NAmes;1949;1950;2007;1;TA;Artery;6
10680;137900;2136;4;7;NAmes;1951;1951;2006;10;TA;Norm;3
10482;145000;1138;3;6;NAmes;1958;1958;2007;6;TA;Norm;8
14598;214000;1933;4;9;Somerst;2007;2007;2008;1;Gd;Feedr;5
8872;147000;912;2;5;NAmes;1965;2008;2008;12;Gd;Norm;8
8769;367294;1702;1;7;NridgHt;2008;2008;2008;10;Ex;Norm;5
7910;127000;1507;4;7;NAmes;1960;1960;2008;8;TA;Norm;5
18890;190000;2620;4;12;Sawyer;1977;1977;2007;8;TA;Feedr;5
7728;132500;1190;3;6;NAmes;1962;1962;2006;5;TA;Norm;6
9842;101800;1224;2;6;NAmes;1962;1962;2007;3;TA;Norm;5
12160;142000;1188;3;6;NAmes;1959;1959;2010;5;TA;Norm;5
8525;130000;1964;4;7;SWISU;1911;1950;2008;11;TA;Norm;6
2628;175500;1626;2;6;NridgHt;2003;2003;2010;6;Gd;Norm;5
13072;142500;1141;3;6;SawyerW;2005;2005;2006;3;TA;RRAe;5
9037;265900;1484;2;6;Timber;2006;2006;2007;12;Ex;Norm;5
9849;248328;1689;3;7;Somerst;2007;2007;2007;6;Gd;Norm;6
10625;170000;1173;3;6;NWAmes;1974;1974;2010;1;Gd;Norm;6
13891;465000;2076;2;7;NridgHt;2006;2006;2006;9;Ex;Norm;5
12090;178000;1868;3;7;NWAmes;1984;2003;2007;1;TA;Norm;7
8125;186500;1553;3;6;Somerst;2005;2006;2006;3;Gd;Norm;5
12328;169900;1034;3;6;Mitchel;1976;1976;2010;5;TA;Norm;5
9600;129500;2058;3;8;OldTown;1917;1950;2008;4;TA;Norm;5
7200;119000;988;3;6;NAmes;1950;1950;2007;5;TA;Norm;7
11160;244000;2110;3;8;NAmes;1968;1968;2010;4;Ex;Norm;5
3136;171750;1405;2;6;NridgHt;2003;2003;2006;3;Gd;Norm;5
9858;130000;874;3;5;Mitchel;1968;1968;2009;11;TA;Norm;6
17542;294000;2167;3;9;Veenker;1974;2003;2007;7;Gd;Norm;7
14303;301500;1987;2;7;NoRidge;1994;1994;2008;8;Gd;Norm;5
9750;151000;1054;3;6;NAmes;1969;1969;2008;7;TA;Norm;8
9600;128900;1050;2;5;NAmes;1956;1956;2009;6;TA;Norm;6
4060;181000;1337;2;5;NAmes;1998;1999;2008;8;Gd;Norm;5
3735;183900;1452;3;6;Somerst;1999;1999;2006;3;Gd;Norm;5
10120;122000;1889;4;9;OldTown;1910;1950;2007;1;TA;Feedr;4
13214;378500;2018;3;10;Timber;2008;2009;2010;5;Ex;Norm;5
11344;144000;1524;3;7;NAmes;1958;1958;2007;7;TA;Feedr;5
9156;185750;1489;3;7;NWAmes;1968;1968;2009;8;Gd;PosN;7
13526;137000;935;3;5;Sawyer;1965;1965;2006;11;TA;Norm;6
11345;137000;1920;4;10;NAmes;1948;1950;2007;7;TA;Feedr;5
12936;162000;1395;3;6;NWAmes;1972;1972;2009;12;TA;Norm;6
17871;197900;1724;3;7;NWAmes;1967;1976;2009;6;TA;Norm;5
8049;180000;1339;2;6;Timber;1990;1990;2006;7;TA;Norm;5
9400;139000;1824;4;8;Mitchel;1971;1971;2010;4;TA;Norm;5
9638;169000;2447;4;10;SWISU;1919;1990;2010;3;Gd;Feedr;7
9790;143000;1328;3;6;NWAmes;1963;1963;2010;6;TA;Feedr;5
5664;278000;1659;2;5;StoneBr;2000;2000;2009;10;Ex;Norm;5
11065;281000;1970;3;8;NridgHt;2006;2006;2006;10;Ex;Norm;5
14112;180500;1152;3;6;NAmes;1964;1964;2010;4;TA;Norm;7
6600;107500;2372;4;11;OldTown;1892;1965;2009;12;TA;Norm;4
10140;162900;1664;4;8;NWAmes;1976;1976;2006;3;TA;Norm;5
8400;138500;1052;3;5;NAmes;1968;1968;2006;11;TA;Feedr;5
8700;155000;1128;3;6;NAmes;1963;1963;2008;12;TA;Norm;6
7500;154000;1246;3;6;NAmes;1959;1994;2010;5;Gd;Norm;7
10120;290000;2526;4;8;NoRidge;1994;1994;2006;12;Gd;Norm;5
8688;232000;1616;3;7;Somerst;2005;2005;2006;4;Gd;Norm;5
13173;325000;1652;2;6;NridgHt;2006;2007;2009;11;Ex;Norm;5
6955;202500;1368;2;6;NridgHt;2005;2006;2006;9;Gd;Norm;5
12000;147000;1122;2;6;OldTown;1948;2005;2008;5;Gd;Norm;7
7153;179200;1294;3;6;SawyerW;1991;1991;2008;6;Gd;Norm;5
9572;302000;2810;4;9;NoRidge;1990;1990;2007;6;Gd;Norm;5
14774;333168;2599;4;10;NoRidge;1999;1999;2010;5;Gd;Norm;5
11075;206900;2112;4;9;NAmes;1969;1969;2008;6;TA;Norm;5
4230;208900;1352;2;5;Somerst;2006;2007;2007;4;Gd;Norm;5
8400;156500;1478;3;6;NAmes;1957;1957;2009;6;TA;Norm;3
10186;190000;1923;3;8;NoRidge;1992;1992;2010;6;Gd;Norm;5
9986;147000;1795;2;7;Somerst;2006;2007;2007;2;Gd;Norm;5
6600;130500;816;3;5;Mitchel;1982;2008;2008;10;Gd;Norm;9
10440;256000;2792;5;8;OldTown;1920;1950;2008;6;TA;Norm;7
10000;227000;1588;3;7;Somerst;2006;2006;2007;12;Gd;Norm;5
9650;167900;1334;2;6;NWAmes;1977;1977;2009;4;TA;Norm;5
9246;135000;1656;4;8;NWAmes;1973;1973;2008;11;TA;Feedr;5
4118;52500;693;2;4;OldTown;1941;1950;2006;3;Fa;Feedr;4
8294;123000;872;3;5;NAmes;1971;1971;2007;6;TA;Norm;5
13695;155000;1114;3;6;SawyerW;2003;2004;2008;7;Gd;RRAe;5
6000;108500;960;2;5;OldTown;1920;1950;2007;7;Fa;Norm;4
20781;262500;2156;3;9;NWAmes;1968;2003;2006;6;TA;PosN;7
15306;283463;1776;3;7;Timber;2006;2007;2007;5;Gd;Norm;5
16196;215000;1494;3;5;SawyerW;1998;1998;2007;8;Gd;Norm;5
5250;122000;2358;4;8;OldTown;1872;1987;2008;12;TA;Norm;5
11643;200000;2634;6;12;NAmes;1969;1969;2009;8;TA;Artery;5
9247;171000;1716;4;8;NAmes;1962;1962;2008;3;TA;Norm;6
14720;410000;3238;4;9;NoRidge;1995;1996;2010;3;Gd;Norm;5
10192;170000;1920;4;8;NWAmes;1968;1992;2006;9;Gd;Norm;6
9477;110000;892;3;5;NAmes;1966;1966;2008;10;TA;Norm;5
12537;149900;1078;3;6;NAmes;1971;2008;2010;4;TA;Norm;6
2117;177500;1573;3;5;Somerst;2000;2000;2010;6;Gd;Norm;5
16737;315000;1980;3;8;NridgHt;2004;2005;2006;9;Ex;Norm;5
9842;189000;2601;4;8;SWISU;1921;1998;2008;5;TA;Feedr;6
16158;260000;1530;3;7;StoneBr;2005;2005;2009;6;Gd;Norm;5
12513;104900;1738;4;7;NAmes;1920;2007;2009;6;TA;Feedr;4
3180;144152;1200;2;4;Somerst;2005;2005;2006;4;Gd;Norm;5
7500;216000;1674;3;7;Somerst;2000;2000;2010;1;Gd;Norm;5
2665;127000;1475;4;6;MeadowV;1977;1977;2006;7;TA;Norm;6
5400;105000;1374;2;6;OldTown;1920;1950;2009;10;TA;Artery;6
9600;165500;1661;3;8;NAmes;1955;1996;2008;10;Gd;Norm;6
11400;466500;2633;2;8;NoRidge;2001;2002;2007;3;Ex;Norm;5
10625;250000;1958;3;9;Somerst;2005;2005;2008;7;Gd;Norm;5
10991;239000;1571;3;7;Timber;2007;2007;2007;12;Gd;Norm;5
6292;91000;790;2;4;SWISU;1930;1950;2008;4;TA;Norm;5
9735;167500;1394;3;7;Timber;2006;2007;2008;5;Gd;Norm;5
12925;237500;2117;4;7;NAmes;1970;1970;2008;5;TA;Norm;7
7200;157000;1762;4;8;OldTown;1920;1950;2006;10;Gd;Norm;7
25339;112000;1416;3;7;Sawyer;1918;2007;2007;8;Gd;Norm;7
16692;250000;2784;5;12;NWAmes;1978;1978;2006;7;Gd;RRAn;5
8520;136000;2526;5;10;OldTown;1916;1950;2007;8;Gd;Artery;7
8944;124000;1584;4;8;NAmes;1967;1967;2009;4;TA;Norm;5
7838;123000;900;3;6;NAmes;1967;1967;2006;12;TA;Norm;5
10800;163000;1912;3;7;OldTown;1905;2000;2008;4;TA;Norm;7
12665;281213;2482;4;9;Timber;2005;2006;2007;2;Gd;Norm;5
57200;160000;1687;3;7;Timber;1948;1950;2010;6;TA;Norm;5
7200;138000;1904;3;7;NAmes;1950;1982;2009;5;TA;Norm;4
6171;137450;1608;3;7;SWISU;1925;1990;2009;10;Gd;Norm;6
15256;282922;1464;3;6;Somerst;2007;2007;2007;8;Gd;RRAn;5
10410;105000;1214;3;6;OldTown;1915;1950;2006;1;TA;Artery;4
8780;112000;833;3;5;Mitchel;1985;1985;2009;3;TA;Norm;5
7740;125500;1363;3;6;OldTown;1910;1950;2010;6;TA;Norm;7
20544;215000;2093;3;7;NWAmes;1986;1991;2008;11;TA;Norm;6
9600;140000;1668;3;6;NAmes;1950;2005;2009;9;TA;Norm;8
7200;90000;1040;2;6;NAmes;1949;1950;2009;6;TA;Norm;5
10994;257000;1844;2;7;SawyerW;2005;2006;2009;9;Gd;Norm;5
11340;122500;2290;4;11;OldTown;1885;1950;2010;4;TA;Norm;6
16545;340000;2450;3;7;NoRidge;1998;1998;2009;5;Gd;Norm;5
9204;124000;1144;3;6;NAmes;1963;1963;2008;8;TA;Norm;5
11700;179900;1416;3;7;NWAmes;1968;1968;2006;5;TA;Norm;6
4043;127500;1069;2;4;NPkVill;1977;1977;2010;7;TA;Norm;5
9503;144000;1344;2;6;NAmes;1958;1983;2007;6;TA;Norm;5
10721;142000;1252;3;7;NAmes;1959;1959;2008;10;Gd;Norm;6
10944;271000;2127;3;5;NoRidge;1994;1994;2008;8;Gd;Norm;5
10930;140000;1558;3;6;NAmes;1945;1950;2008;4;TA;Artery;6
7200;119000;804;2;4;OldTown;1940;1992;2010;2;Gd;Norm;7
12546;182900;1440;3;7;NWAmes;1981;1981;2007;4;Gd;Norm;7
4928;143750;958;2;5;NPkVill;1976;1976;2009;10;TA;Norm;6
10800;64500;968;4;5;OldTown;1927;2007;2007;8;TA;Norm;6
17400;160000;1126;3;5;Mitchel;1977;1977;2006;5;TA;Norm;5
8400;174000;1537;3;7;NAmes;1962;2005;2008;7;Gd;Norm;9
9000;120500;864;3;5;NAmes;1971;1971;2007;5;TA;Norm;6
12444;394617;1932;2;7;NridgHt;2008;2008;2008;11;Ex;Norm;5
7407;149700;1236;2;6;OldTown;1957;1996;2010;4;TA;Artery;7
11584;197000;1725;3;6;NWAmes;1979;1979;2007;11;TA;Norm;6
11003;310000;2007;3;10;Somerst;2008;2008;2009;4;Ex;Norm;5
8400;129000;913;3;6;Sawyer;1966;1966;2007;5;TA;Norm;5
26142;157900;1188;3;6;Mitchel;1962;1962;2010;4;TA;Norm;7
1533;92000;630;1;3;MeadowV;1970;1970;2006;8;Ex;Norm;7
9000;136000;1792;4;8;NAmes;1974;1974;2009;9;TA;Norm;5
9262;287090;1578;3;7;Somerst;2008;2009;2009;5;Ex;Norm;5
17217;84500;1140;3;6;Mitchel;2006;2006;2006;7;TA;Norm;5
7500;185000;1221;2;6;Somerst;2004;2005;2009;10;Gd;Norm;5
13175;210000;2073;3;7;NWAmes;1978;1988;2010;2;TA;Norm;6
9717;142125;1078;2;5;NAmes;1950;1996;2010;4;Gd;Norm;6
