LotArea,LivingArea,NumberBedroom,TotalRooms,Neighborhood,YearBuilt,YearRemodAdd,YrSold,MoSold,KitchenQual,Condition1,OverallCond,SalePrice
8450,1710,3,8,CollgCr,2003,2003,2008,2,Gd,Norm,5,208500
9600,1262,3,6,Veenker,1976,1976,2007,5,TA,Feedr,8,181500
11250,1786,3,6,CollgCr,2001,2002,2008,9,Gd,Norm,5,223500
9550,1717,3,7,Crawfor,1915,1970,2006,2,Gd,Norm,5,140000
14260,2198,4,9,NoRidge,2000,2000,2008,12,Gd,Norm,5,250000
14115,1362,1,5,Mitchel,1993,1995,2009,10,TA,Norm,5,143000
10084,1694,3,7,Somerst,2004,2005,2007,8,Gd,Norm,5,307000
10382,2090,3,7,NWAmes,1973,1973,2009,11,TA,PosN,6,200000
6120,1774,2,8,OldTown,1931,1950,2008,4,TA,Artery,5,129900
7420,1077,2,5,BrkSide,1939,1950,2008,1,TA,Artery,6,118000
11200,1040,3,5,Sawyer,1965,1965,2008,2,TA,Norm,5,129500
11924,2324,4,11,NridgHt,2005,2006,2006,7,Ex,Norm,5,345000
12968,912,2,4,Sawyer,1962,1962,2008,9,TA,Norm,6,144000
10652,1494,3,7,CollgCr,2006,2007,2007,8,Gd,Norm,5,279500
10920,1253,2,5,NAmes,1960,1960,2008,5,TA,Norm,5,157000
6120,854,2,5,BrkSide,1929,2001,2007,7,TA,Norm,8,132000
11241,1004,2,5,NAmes,1970,1970,2010,3,TA,Norm,7,149000
10791,1296,2,6,Sawyer,1967,1967,2006,10,TA,Norm,5,90000
13695,1114,3,6,SawyerW,2004,2004,2008,6,Gd,RRAe,5,159000
7560,1339,3,6,NAmes,1958,1965,2009,5,TA,Norm,6,139000
14215,2376,4,9,NridgHt,2005,2006,2006,11,Gd,Norm,5,325300
7449,1108,3,6,IDOTRR,1930,1950,2007,6,Gd,Norm,7,139400
9742,1795,3,7,CollgCr,2002,2002,2008,9,Gd,Norm,5,230000
4224,1060,3,6,MeadowV,1976,1976,2007,6,TA,Norm,7,129900
8246,1060,3,6,Sawyer,1968,2001,2010,5,Gd,Norm,8,154000
14230,1600,3,7,NridgHt,2007,2007,2009,7,Gd,Norm,5,256300
7200,900,3,5,NAmes,1951,2000,2010,5,Gd,Norm,7,134800
11478,1704,3,7,NridgHt,2007,2008,2010,5,Gd,Norm,5,306000
16321,1600,2,6,NAmes,1957,1997,2006,12,TA,Norm,6,207500
6324,520,1,4,BrkSide,1927,1950,2008,5,Fa,Feedr,6,68500
8500,1317,3,6,IDOTRR,1920,1950,2008,7,TA,Feedr,4,40000
8544,1228,3,6,Sawyer,1966,2006,2008,6,Gd,Norm,6,149350
11049,1234,3,7,CollgCr,2007,2007,2008,1,Gd,Norm,5,179900
10552,1700,4,6,NAmes,1959,1959,2010,4,Gd,Norm,5,165500
7313,1561,2,6,NridgHt,2005,2005,2007,8,Ex,Norm,5,277500
13418,2452,4,9,NridgHt,2004,2005,2006,9,Gd,Norm,5,309000
10859,1097,3,6,CollgCr,1994,1995,2009,6,TA,Norm,5,145000
8532,1297,3,5,NAmes,1954,1990,2009,10,TA,Norm,6,153000
7922,1057,3,5,NAmes,1953,2007,2010,1,Gd,Norm,7,109000
6040,1152,2,6,Edwards,1955,1955,2008,6,Fa,Norm,5,82000
8658,1324,3,6,NAmes,1965,1965,2006,12,TA,Norm,5,160000
16905,1328,2,5,Timber,1959,1959,2007,7,TA,Norm,6,170000
9180,884,2,5,SawyerW,1983,1983,2007,12,Gd,Norm,7,144000
9200,938,3,5,CollgCr,1975,1980,2008,7,TA,Norm,6,130250
7945,1150,3,6,NAmes,1959,1959,2006,5,TA,Norm,6,141000
7658,1752,2,6,NridgHt,2005,2005,2010,2,Ex,Norm,5,319900
12822,2149,1,6,Mitchel,2003,2003,2009,8,Gd,Norm,5,239686
11096,1656,3,7,Somerst,2006,2006,2007,7,Gd,Norm,5,249700
4456,1452,2,8,OldTown,1920,2008,2009,6,TA,Norm,5,113000
7742,955,3,6,Sawyer,1966,1966,2007,1,TA,Norm,7,127000
13869,1470,3,6,Gilbert,1997,1997,2007,7,TA,Norm,6,177000
6240,1176,3,6,BrkSide,1934,1950,2006,9,TA,Norm,6,114500
8472,816,2,5,IDOTRR,1963,1963,2010,5,TA,RRNn,5,110000
50271,1842,0,5,Veenker,1981,1987,2006,11,Gd,Norm,5,385000
7134,1360,3,6,NAmes,1955,1955,2007,2,TA,Norm,5,130000
10175,1425,3,7,NAmes,1964,1964,2008,7,TA,Norm,5,180500
2645,1739,3,7,Somerst,1999,2000,2009,8,Gd,Norm,5,172500
11645,1720,3,7,CollgCr,2004,2004,2006,8,Gd,Norm,5,196500
13682,2945,3,10,StoneBr,2006,2006,2006,10,Gd,Norm,5,438780
7200,780,2,4,CollgCr,1972,1972,2008,1,TA,Norm,7,124900
13072,1158,3,5,SawyerW,2004,2004,2006,5,Gd,RRAe,5,158000
7200,1111,3,6,IDOTRR,1920,1996,2007,3,Fa,Norm,7,101000
6442,1370,2,6,NridgHt,2006,2006,2007,10,Gd,Norm,5,202500
10300,1710,3,9,OldTown,1921,1950,2010,4,TA,RRAn,6,140000
9375,2034,3,8,CollgCr,1997,1998,2009,2,Gd,Norm,5,219500
9591,2473,4,9,NridgHt,2004,2005,2007,10,Gd,Norm,5,317000
19900,2207,3,7,NAmes,1970,1989,2010,7,TA,PosA,5,180000
10665,1479,3,7,CollgCr,2003,2003,2007,6,Gd,Norm,5,226000
4608,747,2,4,OldTown,1945,1950,2010,6,TA,Artery,6,80000
15593,2287,3,7,ClearCr,1953,1953,2006,7,TA,Norm,4,225000
13651,2223,3,8,NAmes,1973,1973,2007,2,TA,Norm,6,244000
7599,845,2,4,Mitchel,1982,2006,2007,6,TA,Norm,6,129500
10141,1718,3,7,Gilbert,1998,1998,2009,12,TA,Norm,5,185000
10200,1086,3,6,NAmes,1954,2003,2010,5,TA,Norm,7,144900
5790,1605,3,8,OldTown,1915,1950,2010,5,TA,Norm,6,107400
1596,988,2,5,MeadowV,1973,1973,2009,11,TA,Norm,5,91000
8475,952,2,4,NAmes,1956,1956,2008,4,TA,Norm,7,135750
8635,1285,2,6,BrkSide,1948,2001,2008,1,TA,Norm,5,127000
10778,1768,4,8,Sawyer,1968,1968,2010,4,TA,Norm,5,136500
10440,1230,2,5,OldTown,1910,1981,2009,5,TA,Norm,6,110000
13000,2142,4,8,NAmes,1968,1968,2009,6,Gd,Norm,6,193500
4500,1337,2,5,Mitchel,1998,1998,2006,3,TA,Norm,5,153500
10206,1563,3,6,Somerst,2007,2007,2008,10,Gd,Norm,5,245000
8892,1065,3,6,NAmes,1960,1960,2007,7,TA,Norm,5,126500
8530,1474,3,7,Gilbert,1995,1996,2009,5,TA,Norm,5,168500
16059,2417,4,9,NoRidge,1991,1992,2006,4,Gd,Norm,5,260000
11911,1560,3,6,Gilbert,2005,2005,2009,3,Gd,Norm,5,174000
3951,1224,2,4,Somerst,2009,2009,2009,6,Gd,Norm,5,164500
8470,1526,2,6,IDOTRR,1915,1982,2009,10,Fa,Feedr,2,85000
8070,990,3,5,CollgCr,1994,1995,2007,8,TA,Norm,5,123600
7200,1040,2,4,NAmes,1950,1950,2006,7,TA,Norm,5,109900
8500,1235,2,6,NAmes,1961,1961,2006,12,TA,Norm,3,98600
13360,964,2,5,Crawfor,1921,2006,2009,8,TA,Norm,7,163500
7200,2291,4,9,OldTown,1910,1998,2007,11,TA,Norm,6,133900
9337,1786,3,7,CollgCr,1997,1997,2007,5,Gd,Norm,5,204750
9765,1470,3,6,Gilbert,1993,1993,2009,4,TA,Norm,8,185000
10264,1588,3,6,CollgCr,1999,1999,2006,8,Gd,Norm,5,214000
10921,960,3,6,Edwards,1965,1965,2007,5,TA,Norm,5,94750
10625,835,2,5,Edwards,1920,1950,2010,5,TA,Norm,5,83000
9320,1225,3,6,NAmes,1959,1959,2010,1,TA,Norm,5,128950
10603,1610,3,6,NWAmes,1977,2001,2010,2,Gd,Norm,7,205000
9206,1732,3,7,SawyerW,1985,1985,2010,6,Gd,Norm,5,178000
7018,1535,4,8,SawyerW,1979,1979,2009,6,TA,Norm,5,118964
10402,1226,3,6,CollgCr,2009,2009,2010,5,Gd,Norm,5,198900
7758,1818,4,7,IDOTRR,1931,1950,2007,6,TA,Norm,4,169500
9375,1992,3,9,Somerst,2003,2004,2008,8,Gd,Norm,5,250000
10800,1047,2,6,OldTown,1885,1995,2007,8,TA,Norm,7,100000
6000,789,2,5,OldTown,1948,1950,2008,4,TA,Norm,5,115000
8500,1517,3,7,IDOTRR,1919,2005,2007,8,Fa,Artery,7,115000
11751,1844,3,7,NWAmes,1977,1977,2010,1,TA,Norm,6,190000
9525,1855,4,7,Edwards,1954,1972,2006,10,TA,Norm,4,136900
7750,1430,3,7,Gilbert,2000,2000,2010,4,TA,Norm,5,180000
9965,2696,4,10,CollgCr,2007,2007,2007,10,Ex,Norm,5,383970
21000,2259,3,7,Crawfor,1953,1953,2007,10,Gd,Norm,5,217000
7259,2320,3,9,Crawfor,1945,2002,2007,7,Gd,Norm,8,259500
3230,1458,2,5,Somerst,1999,1999,2007,6,TA,Norm,5,176000
11616,1092,3,6,Sawyer,1962,1962,2009,9,TA,Norm,5,139000
8536,1125,2,5,Edwards,2006,2007,2007,4,TA,Norm,5,155000
12376,3222,5,11,SawyerW,1990,1990,2010,5,Gd,Norm,5,320000
8461,1456,3,8,CollgCr,2005,2006,2006,7,Gd,Norm,5,163990
21453,988,1,4,ClearCr,1969,1969,2006,10,TA,Norm,5,180000
6060,1123,3,4,IDOTRR,1939,1950,2007,6,TA,Norm,5,100000
9464,1080,3,5,NAmes,1958,1958,2008,6,TA,Norm,7,136000
7892,1199,2,5,SawyerW,1993,1993,2008,3,Gd,Norm,5,153900
17043,1586,3,7,NWAmes,1979,1998,2009,1,TA,Norm,5,181000
6780,754,2,5,IDOTRR,1935,1982,2006,6,TA,Norm,8,84500
4928,958,2,5,NPkVill,1976,1976,2007,2,TA,Norm,5,128000
4388,840,3,5,OldTown,1930,1950,2007,6,TA,Feedr,7,87000
7590,1348,3,6,NAmes,1966,1966,2006,7,TA,PosN,5,155000
8973,1053,3,6,NAmes,1958,1991,2006,7,Ex,Norm,7,150000
14200,2157,4,8,NAmes,1966,1966,2006,5,Gd,Norm,6,226000
12224,2054,3,7,Gilbert,2000,2000,2009,7,Gd,Norm,5,244000
7388,1327,3,7,NAmes,1959,2002,2007,7,Gd,Norm,6,150750
6853,1296,2,6,Timber,2001,2002,2009,6,Gd,Norm,5,220000
10335,1721,3,7,Sawyer,1968,1993,2006,7,TA,Norm,6,180000
10400,1682,3,7,NWAmes,1970,1970,2008,5,TA,Norm,6,174000
10355,1214,3,5,NAmes,1967,1967,2007,7,TA,Norm,5,143000
11070,1959,5,9,Mitchel,1988,1989,2006,7,TA,Norm,5,171000
9066,1852,3,7,CollgCr,1999,2000,2008,12,Gd,Norm,5,230000
15426,1764,3,7,CollgCr,1997,1997,2009,8,Gd,Norm,5,231500
10500,864,3,5,NAmes,1971,1971,2010,4,TA,Norm,5,115000
11645,1734,3,7,CollgCr,2005,2005,2006,1,Gd,Norm,5,260000
8520,1385,4,6,NAmes,1952,1952,2010,6,TA,Artery,4,166000
10335,1501,3,6,CollgCr,1999,1999,2009,6,Gd,Norm,5,204000
9100,1728,6,10,Sawyer,1963,1963,2006,11,TA,RRAe,5,125000
2522,1709,3,7,Edwards,2004,2006,2006,4,Gd,Norm,5,130000
6120,875,2,5,BrkSide,1931,1993,2009,11,TA,Norm,7,105000
9505,2035,3,8,Gilbert,2001,2001,2010,5,Gd,Norm,5,222500
7500,1080,3,6,SawyerW,2004,2005,2008,4,Gd,Norm,5,141000
6240,1344,3,7,BrkSide,1936,1950,2006,4,TA,Norm,4,115000
10356,969,3,5,CollgCr,1975,1975,2007,1,TA,Norm,6,122000
13891,1710,2,6,NridgHt,2007,2008,2008,1,Gd,Norm,5,372402
14803,1993,4,8,NWAmes,1971,1971,2006,6,TA,Norm,5,190000
13500,1252,1,4,ClearCr,1960,1975,2008,3,TA,Norm,7,235000
11340,1200,4,7,OldTown,1923,1950,2006,3,TA,Norm,5,125000
9600,1096,2,5,Edwards,1924,1950,2008,4,TA,Artery,5,79000
7200,1040,2,5,NAmes,1950,1950,2006,6,TA,Norm,7,109500
12003,1968,4,8,Timber,2009,2010,2010,5,Ex,Norm,5,269500
12552,1947,3,8,Somerst,2004,2005,2010,5,Gd,Norm,5,254900
19378,2462,4,9,Gilbert,2005,2006,2006,3,Gd,Norm,5,320000
11120,1232,3,6,Veenker,1984,1984,2008,6,TA,Norm,6,162500
13688,2668,3,10,NridgHt,2003,2004,2008,3,Ex,Norm,5,412500
12182,1541,3,7,NridgHt,2005,2005,2010,5,Gd,Norm,5,220000
5500,882,1,4,OldTown,1956,1956,2007,4,TA,Norm,6,103200
5400,1616,3,5,OldTown,1926,2004,2007,10,Gd,Norm,7,152000
10106,1355,4,6,Edwards,1940,1999,2008,9,TA,Norm,7,127500
10708,1867,2,7,ClearCr,1955,1993,2009,11,TA,Norm,5,190000
10562,2161,3,8,NridgHt,2007,2007,2007,11,Ex,Norm,5,325624
8244,1720,3,7,Gilbert,2004,2004,2007,5,Gd,Norm,5,183500
16669,1707,2,6,Timber,1981,1981,2006,1,TA,Norm,6,228000
12358,1382,2,7,OldTown,1941,1950,2007,5,TA,Feedr,6,128500
31770,1656,3,7,NAmes,1960,1960,2010,5,TA,Norm,5,215000
5306,1767,2,5,StoneBr,1987,1987,2006,6,Gd,Norm,7,239000
10197,1362,3,6,NAmes,1961,1961,2008,6,TA,Norm,5,163000
12416,1651,3,7,Timber,1986,1986,2008,11,TA,Norm,5,184000
12615,2158,4,7,Edwards,1950,2001,2007,6,Gd,Norm,7,243000
10029,2060,4,8,ClearCr,1988,1989,2007,9,TA,Norm,5,211000
13650,1920,4,8,Sawyer,1958,1958,2006,7,Gd,Norm,5,172500
17423,2234,1,9,StoneBr,2008,2009,2009,7,Ex,Norm,5,501837
8520,968,2,5,OldTown,1923,2006,2007,7,TA,Norm,6,100000
2117,1525,3,5,Somerst,2000,2000,2007,6,Gd,Norm,5,177000
7588,1802,4,9,Crawfor,1920,1950,2006,7,TA,Norm,6,200100
9060,1340,3,7,Edwards,1957,2006,2007,6,TA,Artery,6,120000
11426,2082,3,6,OldTown,2003,2003,2008,6,Gd,Norm,5,200000
7438,1252,3,5,BrkSide,1908,1991,2006,6,TA,RRAn,8,127000
22950,3608,4,12,OldTown,1892,1993,2006,6,Ex,Artery,9,475000
9947,1217,3,6,Mitchel,1990,1991,2009,6,Gd,Norm,5,173000
10410,1656,3,8,OldTown,1916,1987,2009,8,TA,Norm,7,135000
7018,1224,2,6,SawyerW,1979,1979,2009,6,TA,Feedr,5,153337
4923,1593,0,5,StoneBr,2001,2002,2008,8,Ex,Norm,5,286000
10570,2727,3,10,Crawfor,1932,1994,2007,12,Gd,Norm,8,315000
7472,1479,4,7,NAmes,1972,2004,2007,6,Gd,Norm,9,184000
9017,1431,3,6,CollgCr,1999,1999,2009,9,Gd,Norm,5,192000
2522,1709,3,7,Edwards,2004,2004,2006,5,Gd,Norm,5,130000
7180,864,3,5,CollgCr,1972,1972,2008,5,TA,Norm,7,127000
2280,1456,3,7,NPkVill,1976,1976,2009,7,TA,Norm,6,148500
9416,1726,3,8,Somerst,2007,2007,2007,9,Ex,Norm,5,311872
25419,3112,4,8,NAmes,1918,1990,2006,3,Gd,Artery,4,235000
5520,2229,5,8,OldTown,1912,1950,2009,7,TA,Norm,6,104000
9591,1713,3,7,NridgHt,2004,2005,2009,1,Ex,Norm,5,274900
8546,1121,2,5,Edwards,2003,2004,2010,3,TA,Norm,5,140000
10125,1279,3,6,Mitchel,1977,1977,2008,2,TA,Norm,6,171500
7000,1310,2,6,OldTown,1924,1950,2006,5,TA,Artery,6,112000
4438,848,1,3,CollgCr,2004,2004,2008,1,Gd,Norm,5,149000
3500,1284,2,5,OldTown,1947,1950,2009,4,TA,Norm,7,110000
11851,1442,3,5,Gilbert,1990,1990,2009,5,TA,Norm,5,180500
13673,1696,3,8,Sawyer,1962,1962,2007,3,TA,RRAe,5,143900
12493,1100,3,6,NAmes,1960,1960,2008,4,TA,Norm,5,141000
14364,2062,3,7,SawyerW,1988,1989,2007,4,TA,Norm,5,277000
8250,1092,3,6,NAmes,1964,1964,2008,7,TA,Norm,7,145000
5604,864,2,5,Edwards,1925,1950,2008,4,TA,Norm,6,98000
10420,1212,3,6,Edwards,2009,2009,2010,3,Gd,Norm,5,186000
8640,1852,3,7,Somerst,2009,2009,2009,7,Gd,Norm,5,252678
13568,990,3,5,CollgCr,1995,1995,2006,7,TA,Norm,5,156000
10900,1392,3,6,CollgCr,1977,1977,2010,3,TA,Norm,7,161750
10011,1236,2,6,NAmes,1957,1996,2006,5,Gd,Norm,6,134450
8450,1436,3,8,CollgCr,2004,2004,2008,4,Gd,Norm,5,210000
9906,1328,3,8,OldTown,1925,1950,2006,9,TA,Norm,4,107000
15660,1954,3,8,Crawfor,1939,2006,2008,5,Gd,Norm,9,311500
3010,1248,2,5,Blmngtn,2005,2006,2006,3,Gd,Norm,5,167240
8990,1498,2,5,CollgCr,2006,2006,2006,4,Gd,Norm,5,204900
8068,2267,4,8,Gilbert,2002,2002,2009,12,Gd,Norm,5,200000
11475,1552,3,6,NWAmes,1975,1975,2006,2,TA,RRAn,6,179900
10500,864,2,4,NAmes,1971,1971,2009,3,TA,Norm,6,97000
13472,2392,3,8,NridgHt,2003,2003,2009,6,Ex,Norm,5,386250
1680,1302,3,6,BrDale,1971,1971,2009,5,TA,Norm,5,112000
9950,2520,4,9,NoRidge,1995,1995,2007,6,Gd,Norm,5,290000
1869,987,2,5,BrDale,1970,1970,2008,9,TA,Norm,6,106000
8521,912,3,5,Sawyer,1967,1967,2010,5,TA,Feedr,5,125000
3182,1555,2,7,Blmngtn,2005,2006,2009,5,Gd,Norm,5,192500
8760,1194,3,6,NAmes,1959,1959,2010,4,TA,Norm,6,148000
15138,2794,4,9,NoRidge,1995,1996,2009,7,Ex,Norm,5,403000
1680,987,2,5,BrDale,1972,1972,2006,6,TA,Norm,5,94500
10650,894,3,5,CollgCr,1976,1976,2010,2,TA,Norm,6,128200
7851,1960,4,8,Gilbert,2002,2002,2010,5,Gd,Norm,5,216500
1680,987,2,5,BrDale,1971,1971,2008,8,TA,Norm,3,89500
8773,1414,3,6,CollgCr,2004,2004,2010,5,Gd,Norm,5,185500
9453,1744,3,7,SawyerW,1993,2003,2010,2,Gd,RRNe,7,194500
12030,1694,3,7,NridgHt,2007,2007,2007,12,Gd,Norm,5,318000
8741,1487,3,7,Edwards,1945,1950,2010,4,TA,Norm,4,113000
9000,1566,3,7,Somerst,2008,2008,2010,4,Gd,Norm,5,262500
3880,866,2,4,OldTown,1945,1997,2007,8,Gd,Norm,9,110500
5000,1440,3,6,OldTown,1900,1950,2006,4,TA,Norm,4,79000
10762,1217,3,6,SawyerW,1980,1980,2009,4,TA,Norm,6,120000
8880,2110,3,8,SawyerW,1994,2002,2010,5,Gd,Norm,5,205000
10400,1872,3,6,NWAmes,1988,1988,2006,6,TA,Norm,5,241500
9142,1928,4,9,OldTown,1910,1950,2006,4,Fa,Norm,8,137000
11310,1375,2,5,NAmes,1954,1954,2006,6,TA,Norm,5,140000
11317,1668,3,8,CollgCr,2003,2003,2007,9,Gd,Norm,5,180000
159000,2144,4,7,ClearCr,1958,2006,2007,6,Gd,Norm,7,277000
5350,1306,3,6,BrkSide,1940,1966,2010,5,Fa,Norm,2,76500
4750,1625,2,5,Crawfor,2006,2007,2007,12,Gd,Norm,5,235000
8366,1640,3,6,SawyerW,2004,2004,2008,12,Gd,Norm,5,173000
9350,1302,3,7,NAmes,1964,1991,2007,10,Gd,Norm,7,158000
8400,1314,3,5,NAmes,1957,1957,2010,6,TA,Norm,6,145000
8738,2291,4,8,Gilbert,1999,1999,2006,2,Gd,Norm,5,230000
8791,1728,3,7,Somerst,2003,2003,2008,5,Gd,Norm,5,207500
8814,1604,3,8,CollgCr,2006,2006,2009,3,Gd,Norm,5,220000
12435,1792,3,7,CollgCr,2001,2001,2008,5,Gd,Norm,5,231500
12702,882,2,4,OldTown,1956,1956,2008,12,TA,Norm,5,97000
19296,1382,3,6,NAmes,1962,1962,2009,5,TA,Artery,5,176000
9588,2574,3,10,CollgCr,2007,2007,2007,11,Ex,Norm,5,276000
8471,1212,3,6,Sawyer,1977,1995,2006,7,TA,Norm,7,151000
5500,1316,3,6,OldTown,1929,2001,2010,4,TA,Norm,7,130000
5232,764,2,4,OldTown,1925,2004,2008,6,TA,Artery,5,73000
12090,1422,3,7,NWAmes,1981,1981,2008,6,Gd,Norm,6,175500
11207,1511,3,8,Gilbert,1997,1997,2006,6,TA,Norm,5,185000
8400,2192,4,8,SWISU,1939,1997,2008,7,Gd,Norm,8,179500
6900,778,2,4,IDOTRR,1940,1955,2008,2,TA,Norm,6,120500
7917,1113,3,6,Edwards,1976,1976,2007,5,TA,Norm,7,148000
10728,1939,3,8,Somerst,2006,2006,2006,8,Gd,Norm,5,266000
39104,1363,2,5,ClearCr,1954,2005,2008,4,TA,Norm,7,241500
11764,2270,4,9,NoRidge,1999,2007,2010,4,Gd,Norm,7,290000
9600,1632,3,6,NAmes,1958,1988,2009,4,TA,Feedr,6,139000
8314,816,2,5,Mitchel,1982,1982,2007,6,TA,Norm,7,124500
7264,1548,3,5,BrkSide,1925,2007,2009,10,Ex,Norm,7,205000
9196,1560,3,7,Mitchel,2003,2003,2010,4,Gd,Norm,5,201000
19138,864,2,4,Gilbert,1951,1951,2010,6,TA,Norm,5,141000
14450,2121,3,8,NridgHt,2006,2007,2007,5,Ex,Norm,5,415298
10005,2022,4,8,ClearCr,1977,1977,2008,3,TA,Norm,5,192000
11287,1982,3,7,SawyerW,1989,1989,2007,1,Gd,Norm,6,228500
7200,1262,2,5,Somerst,2006,2006,2006,5,Gd,Norm,5,185000
5063,1314,2,6,NridgHt,2007,2008,2009,4,Gd,Norm,5,207500
9612,1468,3,6,Somerst,2008,2009,2009,12,Gd,Feedr,5,244600
8012,1575,2,5,SawyerW,1992,1992,2007,7,Gd,Norm,5,179200
4251,1250,2,5,Somerst,2006,2007,2007,6,Gd,Norm,5,164700
9786,1734,3,7,NAmes,1962,1981,2006,6,Gd,Norm,7,159000
8125,858,3,5,NAmes,1971,1971,2006,6,TA,Norm,4,88000
9819,900,3,5,Sawyer,1967,1967,2010,2,TA,Norm,5,122000
8730,1396,3,7,BrkSide,1915,2003,2007,7,TA,RRAn,7,153575
15611,1919,3,8,CollgCr,2006,2006,2006,7,Gd,Norm,5,233230
5687,1716,6,9,SWISU,1912,2000,2008,3,Fa,Norm,6,135900
11409,1716,3,8,Edwards,1949,2008,2009,1,TA,Norm,4,131000
16659,2263,3,9,NWAmes,1977,1994,2006,3,Gd,PosA,7,235000
9600,1644,3,7,NAmes,1953,1953,2009,10,TA,Norm,5,167000
7937,1003,3,6,Mitchel,1984,1984,2006,3,TA,Norm,6,142500
13710,1558,4,6,IDOTRR,1950,1950,2007,6,TA,Norm,5,152000
7399,1950,3,7,Somerst,1997,1998,2007,6,Gd,Norm,5,239000
11700,1743,3,7,NWAmes,1968,1968,2007,6,TA,Norm,6,175000
14000,1152,3,6,Crawfor,1950,2004,2009,8,Gd,Norm,8,158500
15750,1336,2,5,Crawfor,1953,1953,2006,6,TA,Norm,5,157000
16226,2452,4,9,CollgCr,1998,1999,2007,5,Gd,Norm,5,267000
13704,1541,3,6,CollgCr,2001,2002,2006,1,Gd,Norm,5,205000
9800,894,3,5,CollgCr,1972,1972,2006,7,TA,Norm,7,149900
18386,3493,3,10,OldTown,1880,2002,2008,5,Gd,Norm,9,295000
10386,2000,3,8,CollgCr,2004,2005,2007,7,Gd,Norm,5,305900
13474,2243,4,8,SawyerW,1990,1991,2007,6,Gd,Feedr,5,225000
7920,1406,3,6,IDOTRR,1920,1950,2008,3,Fa,Artery,7,89500
12342,861,1,4,Edwards,1940,1950,2009,3,TA,Norm,5,82500
12378,1944,3,8,NridgHt,2003,2004,2006,11,Ex,Norm,5,360000
7685,1501,3,6,Gilbert,1993,1994,2006,5,Gd,Norm,5,165600
8000,972,2,5,NAmes,1948,2002,2009,5,TA,Norm,6,132000
7800,1118,3,5,OldTown,1939,1950,2006,5,TA,Artery,7,119900
215245,2036,3,8,Timber,1965,1965,2009,6,TA,Norm,5,375000
9600,1641,3,6,OldTown,1925,1990,2006,8,Ex,Norm,7,178000
7795,1432,3,6,Gilbert,2004,2005,2009,7,Gd,Norm,5,188500
13005,2353,4,10,NWAmes,1980,1980,2009,8,Ex,Norm,7,260000
9000,1959,3,8,Somerst,2006,2006,2007,12,Gd,Norm,5,270000
9900,2646,4,9,NoRidge,1993,1993,2009,4,Gd,Norm,5,260000
14115,1472,3,6,NWAmes,1980,1980,2009,6,TA,Norm,5,187500
16259,2596,4,9,NridgHt,2006,2006,2006,9,Gd,Norm,5,342643
12099,2468,4,10,NridgHt,2004,2004,2007,6,Gd,Norm,5,354000
10380,2730,4,8,SawyerW,1986,1987,2007,8,Gd,Norm,5,301000
5820,1163,3,6,OldTown,1955,2005,2006,7,TA,Norm,8,126175
11275,2978,5,11,NAmes,1967,2007,2010,6,Gd,PosN,7,242000
5000,803,2,5,IDOTRR,1941,1950,2007,12,TA,RRAe,6,87000
10846,1719,1,6,Veenker,1993,1993,2008,5,Gd,Norm,5,324000
11600,1383,3,7,NAmes,1960,1960,2006,4,TA,Norm,5,145250
11888,2134,5,10,BrkSide,1916,1994,2009,7,Gd,PosN,6,214500
6402,1192,3,6,IDOTRR,1920,1950,2009,7,TA,Norm,5,78000
10624,1728,6,10,NAmes,1964,1964,2007,11,TA,Norm,4,119000
8176,1056,3,6,NAmes,1958,1992,2007,8,TA,Norm,6,139000
10655,1629,3,7,NridgHt,2003,2004,2009,10,Gd,Norm,5,284000
8198,1358,2,6,NridgHt,2004,2004,2008,7,Gd,Norm,5,207000
9042,1638,3,7,Gilbert,1998,1998,2008,7,TA,Norm,5,192000
164660,1786,3,7,Timber,1965,1965,2008,8,TA,Norm,6,228950
14157,1922,3,8,StoneBr,2005,2006,2007,7,Gd,Norm,5,377426
9135,1536,3,7,CollgCr,2002,2003,2008,12,Gd,Norm,5,214000
14145,1621,3,8,NWAmes,1984,1998,2006,5,Gd,Norm,7,202500
12400,1215,3,6,NAmes,1958,1998,2009,6,TA,Feedr,7,155000
14191,1908,4,9,Timber,2002,2002,2010,4,Gd,Norm,5,202900
8400,841,2,4,SawyerW,1950,1950,2009,9,TA,Feedr,4,82000
8544,1040,2,6,NAmes,1949,1950,2006,5,TA,Norm,4,87500
8849,1684,2,6,NridgHt,2005,2005,2008,7,Ex,Norm,5,266000
2592,1112,3,4,MeadowV,1976,1976,2010,4,TA,Norm,3,85000
6435,1577,3,6,BrkSide,1939,1950,2006,10,Fa,RRAn,5,140200
12772,958,2,5,NAmes,1960,1998,2007,4,TA,Norm,8,151500
17600,1478,3,6,NAmes,1960,1960,2009,12,TA,Norm,5,157500
2448,1626,2,6,NridgHt,2003,2004,2008,10,Gd,Norm,5,154000
20431,2728,4,10,NridgHt,2005,2006,2006,4,Ex,Norm,5,437154
7820,1869,2,6,NridgHt,2007,2007,2007,12,Ex,Norm,5,318061
5271,1453,2,6,ClearCr,1986,1986,2006,12,Gd,Norm,5,190000
9084,1111,3,5,Edwards,1941,1950,2008,3,TA,Artery,6,95000
8520,720,2,5,OldTown,1928,2003,2010,5,TA,Norm,8,105900
8400,1595,2,6,SWISU,1940,2000,2006,6,TA,Norm,5,140000
11249,1200,3,6,CollgCr,1995,1995,2007,8,Gd,Norm,5,177500
9248,1167,3,6,Gilbert,1992,1992,2009,7,Gd,Norm,6,173000
4224,1142,3,6,MeadowV,1976,1976,2007,8,TA,Norm,5,134000
6930,1352,3,6,ClearCr,1958,1958,2006,7,Gd,Norm,4,130000
12011,1924,3,7,NoRidge,1998,1998,2006,6,Gd,Norm,5,280000
7540,912,2,5,Mitchel,1978,1978,2007,6,TA,Norm,6,156000
9144,1505,3,8,BrkSide,1940,1982,2008,7,TA,Norm,5,145000
7301,1922,4,7,Edwards,2003,2003,2009,7,Gd,Norm,5,198500
1680,987,2,5,BrDale,1972,2007,2009,5,Gd,Norm,8,118000
18800,1574,3,6,NWAmes,1976,1976,2006,7,TA,Norm,5,190000
10690,1344,3,6,IDOTRR,1920,1997,2009,7,TA,Norm,7,147000
9500,1394,3,6,NAmes,1963,1963,2009,7,TA,Norm,5,159000
9150,1431,3,6,NAmes,1962,1962,2008,12,TA,Norm,5,165000
7800,1268,2,7,NAmes,1954,1954,2010,3,TA,Norm,6,132000
9830,1287,3,7,NAmes,1959,2006,2010,3,Gd,Norm,7,162000
8121,1664,3,7,Gilbert,2000,2000,2006,1,TA,Norm,5,172400
17120,1588,4,7,ClearCr,1959,1959,2008,7,TA,Feedr,4,134432
7175,752,2,4,SawyerW,1984,1984,2010,2,TA,Norm,5,125000
10634,1319,3,5,NAmes,1953,1953,2009,11,TA,Norm,6,123000
8200,1928,4,8,CollgCr,2003,2004,2007,7,Gd,Norm,5,219500
10020,904,1,4,Edwards,1922,1950,2009,3,Fa,Norm,1,61000
8846,914,2,5,CollgCr,1996,1996,2006,7,TA,Norm,5,148000
11143,2466,4,8,Somerst,2004,2005,2007,12,Gd,Norm,5,340000
11394,1856,1,8,StoneBr,2010,2010,2010,6,Ex,Norm,2,394432
8123,1800,3,7,Gilbert,2000,2000,2009,6,TA,RRAn,5,179000
5000,1691,3,6,SWISU,1924,1950,2010,5,Gd,Norm,6,127000
7200,1301,2,5,Somerst,2006,2006,2006,8,Gd,Norm,5,187750
9245,1797,3,8,CollgCr,2006,2006,2007,4,Gd,Norm,5,213500
9000,784,2,5,SawyerW,1928,1950,2009,10,TA,Norm,3,76000
53107,1953,3,9,ClearCr,1992,1992,2007,6,Gd,Feedr,5,240000
3182,1269,2,6,Blmngtn,2004,2005,2010,4,Gd,Norm,5,192000
8410,1184,5,8,Edwards,1910,1996,2006,5,TA,Feedr,3,81000
7200,1125,3,6,Edwards,1976,1976,2009,10,TA,Norm,6,125000
9382,1479,3,6,CollgCr,1999,2000,2008,7,Gd,Norm,5,191000
12474,2332,3,9,NridgHt,2007,2008,2008,8,Ex,Norm,5,426000
8405,1367,4,7,Edwards,1900,1950,2008,4,TA,Norm,8,119000
12209,1961,3,7,Mitchel,2001,2002,2009,6,Gd,Norm,5,215000
8339,882,3,5,NAmes,1959,1959,2007,7,TA,Norm,7,106500
7446,788,2,4,BrkSide,1941,1950,2006,4,TA,Feedr,5,100000
10134,1034,2,5,OldTown,1940,1950,2007,7,TA,Norm,6,109000
9571,1144,3,6,Edwards,1956,1956,2010,6,TA,Norm,6,129000
7200,894,2,6,CollgCr,1972,1972,2009,9,TA,Norm,5,123000
7590,1812,4,8,NAmes,1962,1962,2007,7,TA,PosN,5,169500
8967,1077,2,6,IDOTRR,1920,1950,2007,11,TA,Norm,2,67000
8125,1550,2,7,Somerst,2006,2007,2009,10,Gd,Norm,5,241000
14963,1288,1,4,Veenker,1996,1996,2008,12,Ex,Norm,5,245500
8767,1310,3,6,CollgCr,2005,2005,2006,7,Gd,Norm,5,164990
10200,672,2,4,Sawyer,1940,1997,2008,8,TA,Norm,8,108000
12090,2263,4,10,NoRidge,1998,1998,2006,7,Gd,Norm,5,258000
10364,1572,3,7,Gilbert,1995,1996,2007,5,TA,Norm,5,168000
9991,1620,3,8,Sawyer,1976,1993,2009,6,TA,Feedr,4,150000
10480,1639,3,6,SWISU,1936,1950,2008,3,TA,Norm,5,115000
15576,1680,4,8,Crawfor,1915,1976,2008,3,TA,Norm,7,177000
14154,2172,3,9,NridgHt,2006,2006,2007,8,Gd,Norm,5,280000
10800,2078,3,8,Somerst,2007,2008,2008,4,Ex,Norm,5,339750
9571,1276,3,5,Edwards,1958,1958,2009,6,TA,Norm,3,60000
34650,1056,3,5,Gilbert,1955,1955,2006,1,TA,Norm,5,145000
4403,1478,2,7,Somerst,2009,2009,2010,6,Gd,Norm,5,222000
8960,1028,2,5,OldTown,1927,1950,2010,3,TA,Artery,6,115000
11228,2097,3,9,SawyerW,1993,1993,2008,12,Gd,Norm,5,228000
8899,1340,3,6,Gilbert,2007,2007,2007,8,Gd,Norm,5,181134
7844,1400,3,6,Sawyer,1978,1978,2006,3,TA,Norm,7,149500
22420,2624,4,10,Crawfor,1918,1950,2007,11,TA,Feedr,6,239000
8160,1134,3,7,Edwards,1940,1950,2007,4,TA,Norm,6,126000
8450,1056,3,6,NAmes,1968,1968,2010,7,TA,Norm,6,142000
7060,1344,2,8,Mitchel,1997,1998,2008,11,TA,Norm,5,206300
16635,1602,3,8,NWAmes,1977,2000,2009,6,Gd,Norm,7,215000
21750,988,2,4,Mitchel,1954,1954,2008,2,TA,Artery,5,113000
9200,2630,4,8,NoRidge,1998,1998,2008,6,Gd,Norm,5,315000
9000,1196,2,6,NAmes,1956,1956,2008,5,TA,Norm,5,139000
3378,1389,3,6,OldTown,1946,1992,2009,9,TA,Norm,8,135000
12800,1644,2,5,SawyerW,1989,1989,2009,8,Gd,Norm,5,275000
8593,907,3,5,NAmes,1957,1957,2008,7,TA,Norm,6,109008
6762,1208,2,6,CollgCr,2007,2007,2007,9,Gd,Norm,5,195400
11457,1412,3,6,Timber,1988,1988,2009,3,Gd,Norm,5,175000
1680,987,2,4,BrDale,1971,1971,2008,7,TA,Norm,5,85400
5586,1198,4,7,OldTown,1920,1998,2008,9,TA,Feedr,7,79900
1920,1365,2,6,BrDale,1971,1971,2007,8,TA,Norm,5,122500
10839,1604,3,7,Gilbert,1997,1998,2008,7,TA,Norm,5,181000
1890,630,1,3,MeadowV,1972,1972,2008,6,TA,Norm,7,81000
10667,1661,3,6,CollgCr,1996,1996,2009,4,Gd,PosN,6,212000
4400,1118,2,6,OldTown,1920,1950,2006,10,TA,Norm,8,116000
6000,904,2,4,BrkSide,1926,2004,2009,1,TA,Norm,7,119000
4280,694,2,4,Crawfor,1913,2002,2007,3,Gd,Norm,6,90350
12354,1196,3,7,Edwards,1920,2000,2009,8,Gd,Norm,8,110000
15431,2402,2,10,NridgHt,2008,2008,2009,4,Ex,Norm,5,555000
12108,1440,4,8,Edwards,1955,1955,2008,9,Fa,Norm,4,118000
6240,1573,3,8,BrkSide,1930,1992,2008,6,TA,Norm,7,162900
3922,1258,2,6,Blmngtn,2006,2007,2007,6,Gd,Norm,5,172500
8750,1908,4,8,CollgCr,1994,1995,2008,7,Gd,Norm,5,210000
9855,1689,3,7,Edwards,1956,1956,2009,11,TA,Norm,5,127500
16492,1888,2,6,NAmes,1966,2002,2010,6,Gd,PosA,6,190000
11214,1886,4,10,Gilbert,1998,1999,2006,7,Gd,Norm,5,199900
8600,1376,3,7,IDOTRR,1937,1950,2006,6,TA,Norm,6,119500
6000,1183,2,6,OldTown,1948,2002,2007,6,TA,Norm,7,120000
5684,813,2,5,OldTown,1930,2005,2006,6,Gd,Norm,8,110000
70761,1533,2,5,ClearCr,1975,1975,2006,12,Gd,Norm,5,280000
9303,1756,3,7,Timber,1996,1997,2007,7,TA,Norm,5,204000
9000,1590,3,6,Somerst,2008,2008,2009,6,Gd,Norm,5,210000
9297,1728,4,8,Mitchel,1976,1976,2006,7,TA,Norm,5,188000
9600,1242,3,6,NWAmes,1973,1973,2007,9,TA,Norm,6,175500
4571,1344,4,7,OldTown,1916,1950,2008,5,TA,Norm,5,98000
53227,1663,2,6,ClearCr,1954,1994,2008,3,Gd,Norm,6,256000
5100,1666,3,7,OldTown,1925,1996,2008,6,Gd,Norm,7,161000
7015,1203,3,5,BrkSide,1950,1950,2009,7,Gd,Norm,4,110000
8004,1935,3,8,Somerst,2009,2009,2009,12,TA,RRAn,5,263435
7200,1135,3,6,SWISU,1936,2007,2009,4,Gd,Feedr,9,155000
8281,864,3,5,Sawyer,1965,1965,2009,12,TA,Norm,5,62383
11988,1660,3,6,Crawfor,1934,1995,2008,8,TA,Norm,7,188700
8430,1040,3,5,CollgCr,1978,1978,2009,8,TA,Norm,5,124000
3072,1414,2,6,Blmngtn,2004,2004,2006,5,Gd,Norm,5,178740
10628,1277,2,5,NAmes,1970,1970,2007,4,TA,Norm,5,167000
9480,1644,3,7,NAmes,1942,1995,2007,6,Gd,Artery,7,146500
11428,1634,3,7,NridgHt,2006,2006,2007,5,Gd,Norm,5,250000
9291,1710,3,7,SawyerW,1993,1993,2008,6,Gd,RRNe,5,187000
6820,1502,1,4,StoneBr,1985,1985,2010,6,Gd,Norm,5,212000
11952,1969,3,8,NWAmes,1977,1977,2007,11,TA,PosA,6,190000
3675,1072,2,5,Edwards,2005,2005,2008,6,TA,Norm,5,148000
14977,1976,2,7,NridgHt,2006,2007,2007,7,Gd,Norm,5,440000
5330,1652,2,6,StoneBr,2000,2000,2007,8,Ex,Norm,5,251000
8480,970,2,5,Sawyer,1963,1963,2007,7,TA,Norm,6,132500
13125,1493,3,7,CollgCr,1997,1998,2008,4,Gd,Norm,5,208900
13693,2643,3,9,NridgHt,2006,2006,2007,3,Ex,Norm,5,380000
10637,1718,3,7,CollgCr,2007,2008,2009,9,Gd,Norm,5,297000
5925,1131,2,7,OldTown,1937,2000,2007,3,TA,Norm,7,89471
16033,1850,3,8,NridgHt,2004,2005,2006,3,Gd,Norm,5,326000
11846,1792,2,6,NridgHt,2003,2004,2006,8,Ex,Norm,5,374000
2500,1826,4,7,OldTown,1915,2005,2009,6,Ex,Norm,8,155000
4500,1216,2,5,Mitchel,1998,1998,2006,5,TA,Norm,5,164000
7758,999,3,6,Sawyer,1962,2001,2007,3,Gd,Norm,7,132500
9600,1113,3,5,NAmes,1950,2007,2009,7,Gd,Norm,7,147000
10289,1073,3,6,NAmes,1965,1965,2007,6,TA,Norm,7,156000
12243,1484,3,7,NWAmes,1971,1971,2007,2,TA,Norm,6,175000
10800,2414,3,10,OldTown,1900,1970,2006,5,TA,Norm,4,160000
1526,630,1,3,MeadowV,1970,2002,2009,5,Gd,Norm,8,86000
2665,1304,3,4,MeadowV,1976,1976,2008,6,TA,Norm,6,115000
9490,1578,3,5,NAmes,1941,1950,2006,8,Fa,Artery,7,133000
15578,1456,3,8,Gilbert,2006,2006,2006,5,TA,Norm,5,172785
7931,1269,3,6,NAmes,1960,1960,2008,6,TA,Norm,6,155000
5784,886,2,4,OldTown,1938,1996,2009,12,TA,Artery,8,91300
7879,720,2,4,IDOTRR,1920,1950,2009,11,TA,Norm,5,34900
12692,3228,4,10,NoRidge,1992,1993,2007,5,Gd,Norm,5,430000
9120,1820,4,8,BrkSide,1925,1950,2008,6,TA,Norm,6,184000
7800,899,3,5,Sawyer,1967,2004,2009,6,Gd,Norm,7,130000
7535,912,2,5,NAmes,1958,1985,2007,6,TA,Norm,7,120000
1890,1218,3,7,BrDale,1973,1973,2007,5,TA,Norm,5,113000
9803,1768,3,7,Somerst,2005,2005,2008,2,Gd,Norm,5,226700
9170,1214,2,6,Edwards,1965,1965,2007,4,TA,Feedr,7,140000
15602,1801,1,6,Crawfor,1959,1997,2010,3,TA,Norm,8,289000
2308,1322,3,6,NPkVill,1974,1974,2009,6,TA,Norm,5,147000
7596,1960,4,10,OldTown,1952,1952,2009,7,TA,Artery,5,124500
9554,1911,3,8,SawyerW,1993,1994,2006,9,Gd,Norm,5,215000
7862,1218,2,4,Somerst,2009,2009,2009,9,Gd,Norm,5,208300
9600,1378,3,7,OldTown,1928,2005,2008,10,Gd,Norm,9,161000
9600,1041,3,6,NAmes,1959,1959,2009,7,TA,Norm,6,124500
14559,1363,2,6,NAmes,1951,2000,2009,6,TA,Norm,7,164900
6792,1368,2,6,NridgHt,2005,2006,2006,3,Gd,Norm,5,202665
9100,864,3,5,NAmes,1958,1958,2006,7,TA,Feedr,5,129900
9187,1080,3,5,Mitchel,1983,1983,2007,6,TA,Norm,5,134000
10594,789,2,5,Crawfor,1926,1950,2007,6,TA,Norm,5,96500
12220,2020,3,9,NridgHt,2009,2009,2009,9,Ex,Norm,5,402861
10448,2119,3,7,NWAmes,1972,1972,2009,8,TA,Norm,6,158000
10208,2344,3,7,NoRidge,1996,1997,2009,7,Gd,Norm,5,265000
9531,1796,3,7,CollgCr,1998,1998,2007,5,TA,Norm,5,211000
10918,2080,3,9,Crawfor,1926,2004,2009,6,Gd,Norm,9,234000
10800,1294,3,7,OldTown,1900,2000,2008,8,TA,Norm,7,106250
11988,1244,3,6,NAmes,1957,1957,2007,5,TA,Feedr,6,150000
5000,1664,3,7,BrkSide,1947,1950,2006,10,TA,Feedr,7,159000
40094,4676,3,11,Edwards,2007,2008,2007,10,Ex,PosN,5,184750
11787,2398,3,8,NoRidge,1996,1997,2007,8,Gd,Norm,5,315750
7500,1266,3,6,Somerst,2005,2005,2006,4,Gd,Norm,5,176000
13300,928,2,4,NAmes,1956,2000,2007,6,TA,Norm,7,132000
14948,2713,3,11,NridgHt,2008,2008,2008,11,Ex,Norm,5,446261
9098,605,2,5,Edwards,1920,2002,2007,7,TA,Norm,7,86000
32668,2515,4,9,Crawfor,1957,1975,2007,3,TA,Norm,3,200624
10200,1509,3,5,Timber,1988,1989,2008,8,Gd,Norm,5,175000
6155,1362,3,6,BrkSide,1920,1999,2008,6,TA,RRNn,8,128000
7200,827,2,5,NAmes,1955,2007,2010,4,TA,Norm,7,107500
5000,334,1,2,BrkSide,1946,1950,2007,1,Fa,Norm,3,39300
9056,1414,3,6,Gilbert,2004,2004,2006,10,Gd,Norm,5,178000
7000,1347,3,5,Edwards,1910,1991,2008,1,TA,Norm,7,107500
8924,1724,3,8,CollgCr,1998,1999,2008,7,Gd,Norm,5,188000
12735,864,3,5,NAmes,1972,1972,2008,4,TA,Norm,5,111250
11553,1159,3,7,Sawyer,1968,1968,2006,7,TA,Norm,5,158000
11423,1601,3,6,CollgCr,2001,2002,2010,5,Gd,Norm,5,272000
14601,1838,2,8,Timber,2006,2006,2009,3,Ex,Norm,5,315000
11000,2285,4,8,NoRidge,2000,2000,2007,6,Gd,Norm,5,248000
10140,1680,3,7,NWAmes,1998,1999,2009,6,Gd,RRAn,5,213250
4058,767,1,4,NAmes,1998,1998,2007,6,TA,Norm,5,133000
17104,1496,3,7,Gilbert,2006,2006,2006,9,Gd,Norm,5,179665
13837,2183,4,9,NWAmes,1988,1988,2006,2,Gd,Norm,5,229000
8737,1635,3,6,BrkSide,1923,1950,2007,5,TA,Norm,7,210000
7244,768,2,5,Mitchel,1970,1970,2007,4,TA,Norm,7,129500
8235,825,2,4,OldTown,1955,1995,2008,6,TA,Feedr,7,125000
9375,2094,4,8,Somerst,2003,2004,2009,11,Gd,Norm,5,263000
4043,1069,2,4,NPkVill,1977,1977,2008,10,TA,Norm,6,140000
6000,928,3,5,OldTown,1957,1957,2008,6,TA,Norm,6,112500
11146,1717,3,7,NridgHt,2006,2006,2009,7,Gd,Norm,5,255500
8777,1126,2,5,Edwards,1949,2003,2009,5,Gd,Feedr,5,108000
10625,2046,3,8,NridgHt,2003,2004,2008,8,Gd,Norm,5,284000
6380,1048,2,5,BrkSide,1922,1950,2006,8,TA,Norm,6,113000
14850,1092,2,6,NAmes,1957,1957,2006,5,TA,Norm,5,141000
11040,1336,3,7,IDOTRR,1920,1950,2006,9,TA,Norm,6,108000
21872,1446,3,6,Gilbert,1996,1997,2008,8,TA,Norm,5,175000
3196,1557,2,7,Blmngtn,2003,2004,2006,10,Gd,Norm,5,234000
11341,1392,3,5,Sawyer,1957,1996,2010,5,TA,Norm,6,121500
10010,1389,2,6,Mitchel,1974,1975,2006,4,TA,Norm,5,170000
13907,996,3,6,Edwards,1940,1969,2008,7,TA,Norm,6,108000
21780,1674,4,8,Edwards,1918,1950,2008,7,TA,Norm,7,185000
13346,2295,4,9,NoRidge,1992,2000,2006,7,Gd,Norm,5,268000
6858,1647,4,6,SWISU,1915,1950,2010,5,Fa,Norm,4,128000
11198,2504,4,11,StoneBr,2005,2007,2008,6,Ex,Norm,5,325000
10171,1535,3,7,NridgHt,2004,2004,2010,3,Gd,Norm,5,214000
12327,2132,1,5,SawyerW,1983,2009,2009,9,Gd,Norm,8,316600
7032,943,2,4,NAmes,1979,1979,2006,12,TA,Norm,5,135960
13101,1728,6,10,NAmes,1965,1965,2008,11,TA,Norm,5,142600
7332,864,2,4,NAmes,1959,1959,2006,10,Gd,Norm,6,120000
13159,1692,3,6,Timber,2009,2009,2009,7,Gd,Norm,5,224500
9967,1430,3,8,Gilbert,2000,2000,2007,12,TA,Norm,5,170000
10500,1109,3,5,NAmes,1971,2005,2007,12,TA,Norm,7,139000
8480,1216,2,6,NAmes,1947,1950,2008,10,TA,Norm,5,118500
6292,1477,3,6,SWISU,1928,1950,2009,8,TA,Norm,7,145000
11777,1320,3,6,Sawyer,1966,1966,2006,5,TA,Norm,6,164500
3604,1392,2,5,Somerst,2007,2007,2008,2,Gd,Norm,5,146000
12150,1795,4,7,OldTown,1954,1954,2008,11,TA,Norm,5,131500
14585,1429,3,7,NAmes,1960,1987,2007,6,Gd,Norm,6,181900
12704,2042,3,8,NridgHt,2008,2009,2009,8,Ex,Norm,5,253293
11841,816,3,5,Edwards,1990,1990,2007,5,TA,Norm,5,118500
13500,2775,3,9,OldTown,1893,2000,2008,7,Gd,Artery,9,325000
6120,1573,3,6,BrkSide,1935,1995,2009,7,Gd,Norm,7,133000
11443,2028,2,7,Timber,2005,2006,2006,3,Gd,Norm,5,369900
10267,838,2,5,BrkSide,1918,2000,2008,5,Fa,RRAn,7,130000
8740,860,2,4,Sawyer,1982,1982,2009,7,TA,Norm,6,137000
25095,1473,1,5,ClearCr,1968,2003,2009,6,Ex,Norm,8,143000
9100,935,2,4,BrkSide,1930,1960,2008,8,TA,RRAn,6,79500
8320,1582,3,6,CollgCr,2004,2004,2008,9,Gd,Norm,5,185900
13478,2296,3,10,NridgHt,2008,2008,2009,6,Ex,Norm,5,451950
6600,816,2,4,Mitchel,1982,2003,2008,6,TA,Norm,8,138000
4435,848,1,4,CollgCr,2003,2003,2009,5,Gd,Norm,5,140000
7990,924,3,5,CollgCr,1975,1975,2008,4,TA,Norm,6,110000
11302,1826,3,7,StoneBr,2005,2006,2006,8,Gd,Norm,5,319000
3600,1368,3,7,OldTown,1910,1993,2006,10,TA,Norm,7,114504
3922,1402,2,7,Blmngtn,2006,2007,2007,2,Gd,Norm,5,194201
12984,1647,3,7,Crawfor,1977,1977,2006,3,Gd,Norm,6,217500
1950,1556,3,6,Blueste,1980,1980,2008,7,TA,Norm,6,151000
10927,1904,3,8,NridgHt,2005,2005,2006,6,Ex,Norm,5,275000
9000,1375,3,6,IDOTRR,1937,1950,2007,12,Gd,Norm,6,141000
10041,1915,3,8,SawyerW,1992,1992,2006,2,Gd,Norm,5,220000
3182,1200,2,4,Somerst,2004,2005,2010,6,Gd,Norm,5,151000
12803,1494,3,6,CollgCr,2002,2002,2008,9,Gd,Norm,5,221000
13600,1986,3,7,NAmes,1965,1990,2009,10,TA,Norm,6,205000
12464,1040,3,6,CollgCr,1996,1996,2009,11,Gd,Norm,5,152000
7800,2008,3,8,Edwards,1948,2002,2006,8,Ex,Norm,8,225000
12168,3194,4,10,Crawfor,1934,1998,2007,9,TA,Norm,6,359100
7943,1029,3,5,Sawyer,1961,1961,2007,4,TA,Feedr,5,118500
11050,2153,3,8,CollgCr,2000,2000,2009,5,Ex,PosN,5,313000
10395,1032,3,6,NWAmes,1978,1978,2007,7,TA,Norm,6,148000
11885,1872,3,7,CollgCr,2001,2001,2009,11,Ex,Norm,5,261500
8402,1120,3,6,Mitchel,2007,2007,2007,12,TA,Feedr,5,147000
1491,630,1,3,MeadowV,1972,1972,2010,5,TA,Norm,6,75500
8800,1054,3,6,NAmes,1963,1963,2010,5,Gd,Feedr,7,137500
7861,1509,3,7,Gilbert,2002,2003,2006,6,Gd,Norm,5,183200
7227,832,2,4,NAmes,1954,1954,2008,6,Gd,Artery,6,105500
11694,1828,3,9,NridgHt,2007,2007,2007,7,Gd,Norm,5,314813
12244,2262,4,10,Timber,2003,2003,2008,8,Gd,Norm,5,305000
8248,864,2,5,Edwards,1914,1950,2008,9,TA,Norm,3,67000
10800,2614,4,9,NWAmes,1974,1997,2008,6,TA,Norm,7,240000
7064,980,3,6,Sawyer,1977,1977,2009,7,TA,Norm,6,135000
2117,1512,2,4,Somerst,2000,2000,2007,6,Gd,Norm,5,168500
10400,1790,4,8,NWAmes,1972,1972,2006,11,TA,Norm,5,165150
10000,1116,3,5,NAmes,1962,1962,2010,2,TA,Norm,6,160000
12342,1422,3,6,NAmes,1960,1978,2007,8,TA,Norm,5,139900
9600,1520,3,7,NAmes,1955,1972,2010,3,TA,Norm,6,153000
11606,2080,5,9,NAmes,1969,1969,2007,9,Fa,Norm,5,135000
9020,1350,3,6,NAmes,1964,1964,2008,6,TA,Feedr,5,168500
9000,1750,3,8,OldTown,1880,1991,2006,6,Ex,Artery,6,124000
4590,1554,2,6,NridgHt,2006,2006,2007,8,Gd,Norm,5,209500
11900,1411,3,6,NWAmes,1977,1977,2009,4,TA,Norm,5,82500
9250,1056,3,6,NAmes,1954,2005,2007,7,TA,Norm,7,139400
6979,1056,0,4,OldTown,1980,1980,2010,6,TA,Norm,5,144000
10896,3395,8,14,SWISU,1914,1995,2007,3,Fa,Feedr,7,200000
6120,800,1,4,BrkSide,1936,1950,2009,1,Fa,Norm,3,60000
6000,1387,3,7,OldTown,1954,1954,2009,11,Gd,Norm,4,93000
8777,796,2,4,Edwards,1910,1950,2008,5,TA,Feedr,7,85000
3982,1567,1,7,Blmngtn,2006,2006,2006,10,Ex,Norm,5,264561
12677,1518,1,6,NridgHt,2003,2004,2008,4,Ex,Norm,5,274000
7050,1929,3,7,Somerst,2001,2001,2007,5,Gd,Norm,5,226000
13860,2704,4,9,NAmes,1972,1995,2009,7,Ex,Norm,7,345000
10793,1620,4,7,NWAmes,1969,1969,2007,4,TA,RRAn,5,152000
9187,1766,2,7,Somerst,2009,2009,2009,10,Ex,Norm,5,370878
10530,981,3,5,NAmes,1971,1971,2007,3,TA,Norm,5,143250
7200,1048,3,7,NAmes,1950,1950,2008,7,TA,Norm,5,98300
10452,1094,3,5,Edwards,1953,1953,2008,6,TA,Norm,5,155000
7700,1839,4,7,NAmes,1966,1966,2010,6,TA,PosN,5,155000
1936,630,1,3,MeadowV,1970,1970,2007,12,TA,Norm,6,84500
8125,1665,3,7,Somerst,2007,2007,2008,5,Gd,Norm,6,205950
9084,1510,4,7,Edwards,1940,1950,2009,10,TA,Artery,5,108000
8750,1716,2,7,CollgCr,1996,1996,2009,7,Gd,Norm,5,191000
10320,1469,3,7,IDOTRR,1906,1995,2008,6,TA,Norm,7,135000
10437,2113,2,7,NoRidge,1995,1995,2008,8,Gd,Norm,6,350000
1680,1092,3,6,BrDale,1971,1971,2010,3,TA,Norm,5,88000
10007,1053,3,5,NAmes,1959,2006,2008,8,Gd,Norm,7,145500
7200,1502,3,6,Crawfor,1931,2000,2008,2,TA,Norm,6,149000
17503,1458,3,6,NAmes,1948,1950,2010,1,TA,Artery,5,97500
9937,1486,3,7,Edwards,1964,1999,2009,3,TA,Norm,7,167000
12384,1935,3,7,NWAmes,1976,1976,2007,11,TA,Norm,7,197900
46589,2448,4,8,NoRidge,1994,2005,2009,7,Gd,Norm,7,402000
13560,1392,2,5,NAmes,1968,1968,2009,7,TA,Norm,3,110000
10012,1181,3,6,Edwards,1972,1972,2008,4,TA,Norm,5,137500
20896,2097,1,8,Somerst,2005,2006,2006,1,Ex,RRAn,5,423000
11194,1936,3,7,Gilbert,2000,2000,2006,11,Gd,Norm,5,230500
18450,2380,3,7,NAmes,1965,1979,2007,8,TA,Norm,5,129000
8125,1679,3,7,SawyerW,1994,1998,2008,10,Gd,Norm,5,193500
14175,1437,3,6,Sawyer,1956,1987,2006,11,TA,Norm,6,168000
11600,1180,2,5,Crawfor,1922,1950,2006,7,Fa,Norm,5,137500
8633,1476,3,7,CollgCr,2005,2005,2009,2,Gd,Norm,5,173500
6629,1369,3,6,Edwards,1925,1950,2009,7,TA,Artery,6,103600
11250,1208,3,6,Veenker,1977,1977,2006,6,TA,Norm,6,165000
14442,1839,3,7,Crawfor,1957,2004,2007,6,Gd,Norm,7,257500
9200,1136,3,5,NAmes,1965,1965,2008,7,TA,Norm,6,140000
2289,1441,3,7,NPkVill,1978,1978,2009,4,TA,Norm,6,148500
9600,1774,4,8,OldTown,1900,1950,2006,5,TA,Norm,2,87000
9022,792,2,5,OldTown,1924,2006,2009,5,Gd,Norm,8,109500
11844,2046,3,7,StoneBr,2008,2008,2009,7,Gd,Norm,5,372500
9945,988,3,5,Sawyer,1961,1961,2007,10,TA,Norm,5,128500
8012,923,2,5,SawyerW,1980,1980,2010,5,TA,Norm,5,143000
4500,1520,3,6,SWISU,1932,2000,2009,7,TA,Norm,5,159434
2887,1291,2,6,ClearCr,1996,1997,2008,11,Gd,Norm,5,173000
11248,1668,3,7,CollgCr,2002,2002,2007,7,Gd,Norm,5,285000
16770,1839,4,7,NoRidge,1998,1998,2010,6,TA,Norm,5,221000
5062,2090,3,6,StoneBr,1984,1984,2007,9,Gd,Norm,5,207500
10207,1761,3,7,Somerst,2007,2007,2007,8,Gd,Norm,6,227875
5105,1102,2,4,Somerst,2004,2004,2007,3,Gd,Norm,5,148800
8089,1419,2,7,StoneBr,2007,2007,2007,10,Gd,Norm,6,392000
7577,1362,2,6,NridgHt,2005,2006,2007,6,Gd,Norm,5,194700
4426,848,1,3,CollgCr,2004,2004,2008,5,Gd,Norm,5,141000
21535,4316,4,10,NoRidge,1994,1995,2007,1,Ex,Norm,6,755000
26178,2519,4,9,Timber,1989,1990,2006,4,Gd,Norm,5,335000
5400,1073,2,4,OldTown,1921,1968,2006,12,TA,Norm,6,108480
6120,1539,3,5,BrkSide,1936,1950,2009,4,TA,Norm,6,141500
13811,1137,2,5,Timber,1987,1987,2006,7,Gd,Norm,6,176000
6000,616,2,4,BrkSide,1921,1950,2006,6,TA,Norm,7,89000
6420,1148,2,6,Edwards,1952,1952,2006,9,TA,Norm,7,123500
8450,894,3,5,Sawyer,1965,2009,2010,4,TA,RRAe,8,138500
4282,1391,2,5,Somerst,2004,2004,2008,7,Gd,Norm,5,196000
14331,1800,3,7,Timber,2002,2002,2006,5,Gd,Norm,5,312500
9600,1164,3,6,NWAmes,1969,1969,2006,7,TA,Norm,5,140000
12438,2576,4,10,StoneBr,2006,2006,2006,7,Ex,Norm,5,361919
7630,1812,4,8,OldTown,1900,1996,2010,5,Gd,Feedr,9,140000
8400,1484,3,7,CollgCr,2004,2005,2010,5,Gd,Norm,5,213000
5600,1092,3,7,IDOTRR,1930,1950,2010,7,Fa,Norm,5,55000
115149,1824,2,5,ClearCr,1971,2002,2007,6,Gd,Norm,5,302000
6240,1324,2,6,NridgHt,2006,2006,2009,12,Gd,Norm,5,254000
9018,1456,3,8,Gilbert,2007,2007,2007,7,Gd,Norm,5,179540
7162,904,3,6,Sawyer,1966,1966,2008,12,TA,Norm,7,109900
4130,729,2,5,BrkSide,1935,2003,2008,7,TA,Norm,6,52000
8712,1178,2,7,IDOTRR,1900,1950,2010,1,TA,Norm,7,102776
4671,1228,2,5,StoneBr,1988,1989,2008,10,Gd,Norm,5,189000
9873,960,3,6,BrkSide,1970,1970,2006,5,TA,RRAn,5,129000
13517,1479,3,6,Sawyer,1976,2005,2010,3,Gd,RRAe,8,130500
10140,1350,3,7,NWAmes,1974,1974,2009,8,TA,Norm,5,165000
10800,2554,3,8,OldTown,1890,1998,2007,7,TA,Norm,8,159500
10000,1178,3,5,NWAmes,1973,2000,2008,11,Gd,Norm,6,157000
10542,2418,3,9,NoRidge,1993,1994,2008,8,Gd,Norm,5,341000
9920,971,3,5,CollgCr,1969,1969,2006,5,TA,Norm,6,128500
6563,1742,2,5,StoneBr,1985,1985,2006,12,Gd,Norm,5,275000
4426,848,1,3,CollgCr,2004,2004,2010,5,Gd,Norm,5,143000
8120,864,3,5,NAmes,1970,1970,2009,7,TA,Norm,7,124500
8172,1470,4,7,Edwards,1954,1972,2008,5,TA,Norm,6,135000
13286,1698,3,8,Edwards,2007,2008,2009,2,Ex,Norm,5,320000
6960,864,3,5,NAmes,1970,1970,2009,11,Gd,Norm,6,120500
21695,1680,3,5,Crawfor,1988,2007,2009,12,Gd,Norm,9,222000
7314,1232,2,6,CollgCr,2007,2007,2009,2,Gd,Norm,5,194500
11475,1776,4,9,NAmes,1958,1958,2009,7,TA,Norm,5,110000
6240,1208,2,5,IDOTRR,1925,1950,2009,1,TA,Norm,5,103000
5389,1616,2,5,StoneBr,1995,1996,2010,3,Gd,Norm,5,236500
9590,1146,3,6,Timber,2003,2003,2007,5,Gd,Norm,5,187500
11404,2031,3,8,CollgCr,1998,1999,2008,7,Gd,Norm,5,222500
10000,1144,3,6,Sawyer,1961,1983,2009,3,TA,Feedr,6,131400
8978,948,3,6,Sawyer,1968,1968,2007,5,TA,Norm,5,108000
10800,1768,2,6,OldTown,1914,1970,2006,10,TA,Norm,7,163000
8544,1040,2,6,NAmes,1950,1950,2006,7,TA,Norm,4,93500
10463,1801,3,8,Gilbert,2005,2005,2006,6,Gd,Norm,5,239900
10800,1200,3,5,Edwards,1987,1988,2009,3,TA,Norm,5,179000
9313,1728,3,7,CollgCr,2004,2004,2009,4,Gd,Norm,5,190000
9600,1432,2,7,OldTown,1910,2002,2007,5,TA,Norm,7,132000
6768,912,3,5,Sawyer,1961,1996,2008,5,Gd,Feedr,8,142000
8450,1349,3,6,SawyerW,2000,2001,2007,12,TA,Norm,5,179000
12886,1464,3,6,Sawyer,1963,1999,2009,10,TA,Norm,6,175000
5395,1337,2,5,StoneBr,1993,1993,2008,10,Gd,Norm,5,180000
8963,2715,4,11,NWAmes,1976,1996,2008,7,Gd,Norm,9,299800
8795,2256,4,8,Gilbert,2000,2000,2009,4,Gd,Norm,5,236000
11700,2640,4,8,OldTown,1880,2003,2009,5,Gd,Norm,7,265979
10593,1720,3,7,NoRidge,1996,1996,2010,3,Gd,Norm,5,260400
8405,1529,4,9,Edwards,1945,1950,2009,4,TA,Norm,3,98000
8800,1140,3,7,OldTown,1910,2004,2010,6,TA,Norm,7,96500
7750,1320,3,6,Gilbert,2003,2003,2007,8,Gd,RRAn,5,162000
9236,1494,3,6,CollgCr,1997,1997,2006,7,Gd,Norm,5,217000
10240,2098,3,8,NridgHt,2005,2005,2006,3,Ex,Norm,5,275500
7930,1026,3,5,NAmes,1969,2005,2009,7,Gd,Norm,8,156000
3230,1471,3,6,Somerst,1999,1999,2009,3,TA,Norm,5,172500
10769,1768,3,7,CollgCr,2007,2007,2009,4,Gd,Norm,5,212000
11616,1386,3,6,Sawyer,1978,1978,2010,4,TA,Norm,5,158900
2280,1501,3,6,Somerst,1999,1999,2008,8,TA,Norm,5,179400
12257,2531,4,9,NoRidge,1995,1995,2007,11,Gd,Norm,5,290000
9100,864,2,5,NAmes,1959,1959,2009,10,TA,Norm,6,127500
6911,1301,2,5,BrkSide,1924,1950,2009,10,Fa,Feedr,5,100000
8640,1547,3,7,Somerst,2009,2009,2010,6,Gd,Norm,5,215200
9430,2365,3,8,NoRidge,1999,1999,2009,7,Gd,Norm,5,337000
9549,1494,2,6,Veenker,1995,1996,2006,4,Ex,Norm,5,270000
14587,1506,2,6,Somerst,2008,2008,2008,8,Ex,Norm,5,264132
10421,1714,3,7,NWAmes,1988,1988,2010,3,TA,Norm,5,196500
12508,1750,4,7,Mitchel,1940,1985,2008,7,TA,Norm,7,160000
9100,1836,3,8,CollgCr,2004,2005,2006,10,Gd,Norm,5,216837
53504,3279,4,12,StoneBr,2003,2003,2010,6,Ex,Norm,5,538000
7252,858,2,5,Sawyer,1982,1982,2009,4,TA,Norm,5,134900
8877,1220,2,6,Edwards,1951,1951,2006,4,TA,Norm,5,102000
7819,1117,3,6,Edwards,1976,1976,2010,3,TA,Norm,5,107000
10150,912,2,5,NAmes,1958,1958,2007,7,TA,Feedr,5,114500
14226,1973,3,9,NridgHt,2006,2006,2007,7,Gd,Norm,5,395000
4500,1204,2,5,Mitchel,1998,1998,2009,6,TA,Norm,5,162000
11210,1614,3,7,CollgCr,2005,2006,2006,7,Gd,Norm,5,221500
13350,894,3,5,Sawyer,1974,1974,2006,6,TA,Norm,5,142500
8400,2020,4,10,SawyerW,1977,1977,2007,10,TA,Feedr,5,144000
10530,1004,2,4,Mitchel,1977,1977,2006,5,TA,Norm,5,135000
7875,1253,3,6,Gilbert,1995,1996,2007,6,TA,Norm,5,176000
7153,1603,3,7,SawyerW,1992,1992,2006,7,Gd,Norm,5,175900
16285,1430,3,6,CollgCr,2001,2002,2009,6,Gd,Norm,5,187100
9101,1110,1,4,Mitchel,1978,1978,2009,7,Gd,Norm,6,165500
6300,1484,3,9,OldTown,1914,2001,2008,6,TA,Norm,6,128000
9790,1342,3,7,NWAmes,1967,1967,2009,9,TA,Feedr,5,161500
10800,1652,4,7,OldTown,1915,1950,2010,6,TA,Artery,6,139000
10142,2084,4,8,SawyerW,2004,2004,2010,1,Gd,Norm,5,233000
6000,901,2,4,OldTown,1954,2000,2008,8,TA,Norm,7,107900
12205,2087,5,9,ClearCr,1966,2007,2007,7,Gd,Norm,8,187500
3182,1145,2,5,Blmngtn,2005,2006,2009,9,Gd,Norm,5,160200
11333,1062,3,5,Mitchel,1976,1976,2007,5,TA,Norm,5,146800
9920,2013,3,8,NoRidge,1996,1997,2007,6,TA,Norm,5,269790
9158,1496,3,7,Somerst,2007,2007,2007,6,Gd,Norm,5,225000
10832,1895,3,7,Gilbert,1994,1996,2008,10,Gd,Norm,5,194500
8400,1564,3,7,SawyerW,1980,1981,2010,4,TA,Norm,6,171000
8197,1285,3,7,Sawyer,1977,1977,2007,4,TA,Norm,5,143500
7677,773,2,4,NAmes,1953,1953,2008,4,TA,Norm,5,110000
13518,3140,4,11,NridgHt,2008,2009,2009,7,Ex,Norm,5,485000
7200,1768,3,7,SWISU,1937,1950,2007,6,Gd,Feedr,7,175000
12798,1688,4,8,ClearCr,1997,1997,2008,5,Gd,Feedr,5,200000
4800,1196,2,5,IDOTRR,1916,1990,2007,7,TA,Norm,7,109900
8199,1456,3,7,CollgCr,2005,2005,2008,10,Gd,Norm,5,189000
13891,2822,4,12,NridgHt,2008,2009,2009,1,Ex,Norm,5,582933
9000,1128,2,5,NAmes,1954,1954,2006,6,TA,Norm,5,118000
12274,1428,3,6,Somerst,2008,2008,2008,7,Ex,Norm,5,227680
9750,980,3,6,NAmes,1967,1967,2006,10,TA,Norm,5,135500
21384,1576,3,6,BrkSide,1923,2004,2009,5,Gd,Norm,6,223500
13400,1086,3,6,NAmes,1966,1966,2006,6,TA,Norm,5,159950
8100,2138,2,11,OldTown,1898,1965,2009,11,TA,Norm,5,106000
10140,1309,3,5,NWAmes,1974,1999,2006,1,Gd,Norm,6,181000
4438,848,1,4,CollgCr,2004,2004,2008,6,Gd,Norm,5,144500
8712,1044,2,4,IDOTRR,1952,1952,2010,6,Fa,Norm,5,55993
9750,1442,4,7,NAmes,1958,1958,2007,4,TA,Norm,6,157900
8248,1250,3,7,Edwards,1918,1950,2006,7,Fa,Norm,7,116000
12137,1661,3,6,CollgCr,1998,1998,2010,5,Gd,Norm,5,224900
11425,1008,2,4,NAmes,1954,1954,2006,7,TA,Norm,6,137000
13265,1689,3,7,Mitchel,2002,2002,2008,7,Gd,Norm,5,271000
8816,1052,3,6,ClearCr,1971,1971,2010,6,TA,Norm,7,155000
6371,1358,2,6,NridgHt,2009,2010,2010,6,Gd,Norm,5,224000
7226,1640,3,6,CollgCr,2003,2003,2008,6,Gd,Norm,5,183000
6000,936,2,4,OldTown,1953,1953,2009,2,TA,Norm,4,93000
12394,1733,3,7,Gilbert,2003,2003,2007,10,Gd,Norm,5,225000
9900,1489,3,7,SWISU,1940,1950,2009,7,TA,Norm,7,139500
11216,1489,3,7,Somerst,2006,2006,2006,6,Gd,Norm,5,232600
14803,2084,2,7,NridgHt,2007,2008,2008,6,Ex,PosN,5,385000
6130,784,2,5,BrkSide,1924,1950,2008,5,Gd,Norm,6,109500
8529,1434,3,6,SawyerW,2001,2001,2009,4,Gd,Norm,5,189000
28698,2126,3,7,ClearCr,1967,1967,2009,6,TA,Norm,5,185000
2544,1223,2,4,Somerst,2005,2005,2006,7,Gd,Norm,5,147400
11900,1392,3,6,NAmes,1957,1957,2008,6,TA,Norm,5,166000
3180,1200,2,4,Somerst,2005,2005,2006,6,Gd,Norm,5,151000
9548,1829,3,7,CollgCr,2003,2003,2010,1,Gd,Norm,6,237000
10004,1516,3,6,NAmes,1964,1964,2009,2,TA,Norm,6,167000
7875,1144,3,6,NAmes,1961,1961,2008,9,TA,Norm,6,139950
9600,1067,2,4,Sawyer,1950,1995,2010,2,Gd,Norm,7,128000
8100,1559,2,5,OldTown,1948,1973,2007,6,TA,Norm,6,153500
1680,987,2,5,BrDale,1973,1973,2008,11,TA,Norm,5,100000
9525,1099,3,6,CollgCr,1995,2006,2008,6,Gd,Norm,6,144000
11767,1200,3,6,Edwards,1946,1995,2008,5,TA,Norm,6,130500
12155,1482,4,7,SWISU,1925,1950,2008,3,Fa,Norm,8,140000
10440,1539,3,8,OldTown,1904,2002,2008,6,Gd,Norm,8,157500
9020,1165,3,6,NAmes,1966,1966,2008,5,TA,Norm,7,174900
8000,1800,6,10,NAmes,1961,1961,2007,7,TA,Artery,4,141000
12665,1416,4,7,OldTown,1915,1950,2008,6,TA,Artery,8,153900
16647,1701,3,6,Sawyer,1975,1981,2007,1,TA,RRAe,5,171000
9317,1775,3,7,SawyerW,1993,1993,2009,7,Gd,Norm,5,213000
15523,864,3,5,CollgCr,1972,1972,2009,8,TA,Norm,6,133500
45600,2358,5,10,ClearCr,1908,1997,2008,9,TA,Norm,8,240000
9600,1855,3,7,Veenker,1976,1994,2007,8,TA,Feedr,7,187000
4435,848,1,3,CollgCr,2003,2003,2007,11,Gd,Norm,5,131500
3196,1456,2,7,Blmngtn,2003,2003,2006,5,Gd,Norm,5,215000
7128,1646,4,7,Crawfor,1941,1950,2007,8,TA,Norm,5,164000
12095,1445,3,7,NAmes,1964,1964,2009,8,TA,Norm,6,158000
17920,1779,3,6,Sawyer,1955,1974,2006,7,TA,Norm,4,170000
6897,1040,3,6,Sawyer,1962,2010,2010,4,TA,Norm,8,127000
10970,1026,3,5,CollgCr,1978,1978,2008,10,TA,Norm,6,147000
8125,1481,3,6,Gilbert,1994,1995,2009,3,TA,Norm,5,174000
10400,1370,3,6,NWAmes,1976,1976,2009,6,TA,Norm,5,152000
11029,2654,4,9,NWAmes,1968,1984,2006,8,Gd,PosA,7,250000
7642,1426,3,7,Crawfor,1918,1998,2007,6,Gd,Norm,8,189950
11625,1039,3,6,Sawyer,1965,1965,2010,4,TA,Norm,4,131500
9672,1097,3,6,SawyerW,1984,1985,2010,5,TA,Norm,5,152000
7931,1148,3,6,NAmes,1959,1959,2009,7,TA,Norm,5,132500
8640,1372,3,6,Somerst,2007,2008,2008,5,Gd,Norm,5,250580
8750,1002,3,5,NAmes,1970,1970,2009,8,TA,Norm,6,148500
10656,1646,3,6,Timber,2006,2007,2007,11,Gd,Norm,5,248900
6970,1120,3,5,Sawyer,1961,1961,2007,5,Fa,Feedr,5,129000
14762,2320,2,7,Gilbert,1948,1950,2006,5,TA,Feedr,6,169000
9938,1949,3,8,SawyerW,1993,1994,2010,6,Gd,Norm,5,236000
6600,894,2,5,NAmes,1962,1962,2009,8,TA,PosN,5,109500
8750,1682,3,7,CollgCr,1998,1998,2010,6,Gd,Norm,5,200500
8892,910,3,5,NAmes,1953,1996,2008,10,Gd,Norm,7,116000
12144,1268,3,6,NAmes,1949,1950,2009,9,TA,Norm,7,133000
5720,1131,3,5,OldTown,1941,1950,2009,8,TA,Artery,6,66500
9000,2610,4,11,Somerst,2007,2007,2007,8,Ex,Norm,5,303477
25286,1040,3,5,Mitchel,1963,1963,2007,1,TA,Norm,5,132250
8834,2224,4,10,NridgHt,2004,2005,2009,6,Ex,Norm,5,350000
11782,1155,3,6,Sawyer,1961,1995,2010,6,Gd,Norm,7,148000
7000,864,3,6,CollgCr,1978,2005,2009,7,TA,Norm,8,136500
7024,1090,2,5,Edwards,2005,2006,2007,6,TA,Norm,5,157000
13758,1717,3,7,Timber,1990,1991,2007,4,Gd,Norm,5,187500
9636,1593,3,7,Gilbert,1992,1993,2009,12,TA,Norm,5,178000
6204,2230,5,10,SWISU,1912,1950,2006,3,TA,Norm,5,118500
7150,892,3,5,NAmes,1967,1967,2009,7,TA,Norm,5,100000
5119,1709,2,5,Somerst,1999,2000,2008,1,Gd,Norm,5,328900
8393,1712,4,8,NAmes,1959,2005,2006,6,TA,Norm,5,145000
16466,1393,3,8,Edwards,1955,1955,2008,4,TA,Norm,7,135500
15865,2217,4,8,NAmes,1970,1970,2007,10,Gd,Norm,6,268000
12160,1505,2,6,NAmes,1953,1953,2009,2,TA,Feedr,4,149500
8064,924,3,6,NAmes,1949,2006,2007,7,TA,Artery,7,122900
11184,1683,3,7,Sawyer,1978,1978,2009,7,TA,Norm,5,172500
8414,1068,3,6,Sawyer,1963,2003,2006,2,TA,Norm,8,154500
13284,1383,3,6,Sawyer,1954,1954,2008,6,TA,PosN,5,165000
7018,1535,4,8,SawyerW,1979,1979,2009,6,TA,Norm,5,118858
7056,1796,4,8,NAmes,1963,1963,2008,10,TA,Norm,5,140000
8765,951,2,6,IDOTRR,1936,1950,2006,4,TA,Norm,6,106500
7018,2240,6,12,SawyerW,1979,1979,2009,6,TA,Feedr,5,142953
12919,2364,2,11,NridgHt,2009,2010,2010,3,Ex,Norm,5,611657
6993,1236,3,6,Sawyer,1961,1994,2006,6,TA,Feedr,7,135000
7340,858,2,4,NAmes,1971,1971,2007,6,TA,Norm,6,110000
8712,1306,2,5,NAmes,1957,2000,2009,5,TA,Norm,7,153000
7875,1509,3,8,Gilbert,2003,2003,2006,7,Gd,Norm,5,180000
14859,1670,3,7,Gilbert,2006,2006,2006,8,Gd,Norm,5,240000
6173,902,3,6,Sawyer,1967,1967,2007,8,TA,Norm,6,125500
9920,1063,3,6,NAmes,1954,1954,2010,2,TA,Norm,5,128000
13501,1636,3,8,Somerst,2006,2006,2007,6,Gd,Norm,5,255000
11500,2057,3,6,Crawfor,1936,1987,2006,6,Gd,Norm,7,250000
8885,902,2,5,Mitchel,1983,1983,2006,6,TA,Norm,5,131000
12589,1484,3,8,Gilbert,2005,2005,2009,6,Gd,Norm,5,174000
11600,2274,5,12,NAmes,1960,1960,2010,1,TA,Feedr,5,154300
9286,1268,3,5,CollgCr,1977,1989,2009,10,Gd,Norm,7,143500
6120,1015,3,6,BrkSide,1925,1950,2006,7,TA,Norm,7,88000
6270,2002,4,8,Crawfor,1949,1950,2007,8,TA,Norm,6,145000
3000,1224,2,4,Somerst,2009,2009,2009,6,Gd,Norm,5,173733
2001,1092,3,6,MeadowV,1970,1970,2007,1,TA,Norm,5,75000
9000,480,1,4,IDOTRR,1949,1950,2006,10,TA,Norm,3,35311
17140,1229,3,6,Edwards,1956,1956,2009,4,TA,Norm,6,135000
13125,2127,4,8,SawyerW,1991,1991,2007,11,Gd,Norm,5,238000
11029,1414,3,6,NAmes,1958,2002,2008,5,TA,Norm,8,176500
8462,1721,3,7,SawyerW,1994,1994,2007,7,Gd,Norm,5,201000
8777,2200,4,9,Edwards,1900,2003,2008,9,TA,Feedr,7,145900
10237,1316,3,6,Gilbert,2005,2006,2006,10,Gd,RRAn,5,169990
8012,1617,2,5,SawyerW,1993,1994,2008,7,Gd,Norm,5,193000
10240,1686,3,7,NWAmes,1980,1980,2006,5,TA,Norm,6,207500
15611,1126,3,6,NWAmes,1977,1977,2008,3,Ex,Norm,6,175000
11999,2374,4,10,NridgHt,2003,2004,2007,5,Ex,Norm,5,285000
9900,1978,4,9,NWAmes,1968,1968,2008,4,TA,Feedr,5,176000
11838,1788,3,7,CollgCr,2001,2001,2009,6,Ex,Norm,5,236500
13006,2236,4,8,Gilbert,1997,1997,2006,11,Gd,Norm,5,222000
8925,1466,3,7,Timber,2007,2007,2009,7,Gd,Norm,5,201000
9100,925,2,5,NAmes,1965,1965,2009,7,TA,Norm,6,117500
11670,1905,3,8,Somerst,2006,2006,2007,3,Ex,RRNn,5,320000
8487,1500,3,6,CollgCr,2004,2004,2009,8,Gd,Norm,5,190000
27650,2069,4,9,NAmes,1960,2007,2008,11,Gd,PosA,7,242000
5825,747,1,5,BrkSide,1926,1953,2006,6,TA,Norm,5,79900
10083,1200,2,5,SawyerW,2003,2003,2009,8,Gd,Norm,5,184900
9675,1971,3,8,Somerst,2005,2005,2009,2,Gd,Norm,5,253000
8760,1962,3,7,CollgCr,2006,2006,2006,8,Gd,Norm,5,239799
24090,2403,4,10,ClearCr,1940,1950,2010,6,TA,Norm,7,244400
12640,1728,4,8,Mitchel,1976,1976,2006,7,TA,Norm,5,150900
8755,2060,3,8,Gilbert,1999,1999,2009,6,Gd,RRNn,5,214000
7711,1440,4,8,Edwards,1977,1977,2007,8,TA,Norm,3,150000
25000,1632,4,8,Mitchel,1967,1967,2007,6,TA,Norm,4,143000
14375,1344,3,7,Timber,1958,1958,2009,1,Gd,Norm,6,137500
8820,1869,2,7,OldTown,1890,1996,2009,9,TA,Norm,6,124900
8163,1144,3,6,NAmes,1959,1959,2006,3,TA,Norm,6,143000
14536,1629,3,9,Timber,2002,2003,2007,11,Gd,Norm,5,270000
14006,1776,3,7,CollgCr,2002,2002,2006,2,Gd,Norm,5,192500
9360,1381,3,5,NWAmes,1972,2006,2010,3,Gd,Norm,7,197500
7200,864,3,5,NAmes,1950,2002,2007,7,Gd,Norm,8,129000
7800,965,3,6,SawyerW,1965,1965,2006,7,TA,Norm,5,119900
7200,768,2,5,CollgCr,1972,2003,2009,4,TA,Norm,8,133900
11075,1968,4,7,Mitchel,1969,1969,2008,9,TA,Norm,4,172000
9400,980,4,4,Edwards,1975,1975,2006,10,TA,Norm,5,127500
7136,1958,4,8,Crawfor,1946,1950,2007,8,TA,Norm,6,145000
1300,1229,2,5,Blueste,1980,1980,2009,5,TA,Norm,6,124000
7420,1057,3,6,Sawyer,1962,1962,2007,4,TA,Norm,5,132000
8450,1337,3,6,CollgCr,2003,2003,2007,10,Gd,Norm,5,185000
2572,1416,3,6,Somerst,1999,1999,2010,5,Gd,Norm,5,155000
7207,858,2,4,BrkSide,1958,2008,2010,2,TA,Norm,7,116500
12227,2872,4,11,NWAmes,1977,1995,2008,7,TA,PosN,7,272000
2308,1548,3,7,NPkVill,1976,1976,2007,7,Gd,Norm,6,155000
11923,1800,2,7,CollgCr,2007,2007,2009,5,Ex,Norm,5,239000
11316,1894,4,8,Timber,2002,2003,2010,2,Gd,Norm,5,214900
10237,1484,3,8,Gilbert,2005,2007,2007,7,Gd,RRAn,5,178900
9600,1308,2,7,Crawfor,1940,1950,2009,6,TA,Norm,7,160000
7390,1098,3,6,NAmes,1955,1955,2008,7,TA,Norm,7,135000
5925,968,2,6,OldTown,1910,1950,2009,5,TA,Norm,6,37900
10382,1095,2,6,NAmes,1958,1958,2006,3,TA,Norm,5,140000
10800,1192,4,6,NAmes,1949,1950,2006,12,TA,Norm,4,135000
2268,1626,2,6,NridgHt,2003,2004,2009,7,Gd,Norm,5,173000
7892,918,2,5,SawyerW,1979,1979,2010,4,TA,Norm,5,99500
11639,1428,3,6,Somerst,2007,2008,2008,12,Gd,Norm,5,182000
11414,2019,3,8,BrkSide,1910,1993,2009,10,Gd,RRAn,8,167500
2651,1382,3,6,Somerst,2000,2000,2006,4,Gd,Norm,5,165000
5900,869,2,4,BrkSide,1923,1958,2006,8,Fa,Norm,7,85500
4274,1241,1,4,Somerst,2006,2007,2007,11,Gd,Norm,5,199900
9450,894,3,5,Edwards,1954,1954,2007,5,TA,Norm,5,110000
8816,1121,3,5,Sawyer,1963,1963,2009,6,TA,Feedr,6,139000
12122,999,3,6,NAmes,1961,2007,2008,7,Ex,Norm,9,178400
12203,2612,4,8,NoRidge,1998,1999,2009,7,Gd,Norm,5,336000
3182,1266,2,6,Blmngtn,2007,2007,2008,3,Gd,Norm,5,159895
11250,2290,4,9,CollgCr,2002,2002,2008,5,Gd,Norm,5,255900
10125,1734,4,8,Mitchel,1977,1977,2009,8,Gd,Norm,5,126000
10880,1164,3,5,Edwards,1950,1950,2008,8,TA,Norm,5,125000
5310,1635,2,5,OldTown,1910,2003,2006,6,Gd,Feedr,8,117000
10159,1940,3,8,NridgHt,2009,2010,2010,4,Ex,Norm,5,395192
12046,2030,4,8,NWAmes,1976,1976,2007,6,Gd,Norm,6,195000
8125,1576,3,6,Somerst,2006,2006,2006,8,Gd,Norm,5,197000
9452,2392,3,7,NoRidge,1997,1998,2006,6,Gd,Norm,5,348000
17671,1742,4,8,OldTown,1882,1986,2009,11,Gd,Artery,9,168000
9760,1851,3,7,NAmes,1964,1993,2007,7,Gd,Norm,8,187000
8846,1500,3,6,CollgCr,2005,2006,2006,8,Gd,Norm,5,173900
12456,1718,3,7,NridgHt,2006,2007,2009,7,Ex,Norm,5,337500
4712,1230,3,5,BrkSide,1946,1950,2006,8,TA,Feedr,7,121600
10659,1050,3,6,NAmes,1961,1961,2006,1,TA,Norm,6,136500
11717,1442,2,6,NWAmes,1970,1970,2009,2,TA,PosA,6,185000
9786,1077,3,6,IDOTRR,1922,1950,2006,5,TA,Norm,4,91000
6762,1208,2,6,CollgCr,2006,2006,2010,2,Gd,Norm,5,206000
10206,944,2,4,Edwards,1952,1952,2009,7,Fa,Norm,3,82000
5400,691,2,4,OldTown,1920,1950,2007,1,Ex,Norm,6,86000
11957,1574,3,7,Somerst,2006,2006,2008,7,Gd,RRAn,5,232000
11500,1680,4,8,NWAmes,1976,1976,2007,6,TA,Feedr,6,136905
3182,1504,1,7,Blmngtn,2005,2006,2009,5,Gd,Norm,5,181000
8385,985,3,6,CollgCr,1977,1977,2008,11,TA,Norm,8,149900
12155,1657,3,7,NAmes,1970,1970,2007,3,TA,PosN,3,163500
2217,1092,3,6,MeadowV,1970,1970,2009,8,TA,Norm,4,88000
12118,1710,3,7,Mitchel,2004,2005,2009,4,Gd,Norm,5,240000
6000,1522,4,7,SWISU,1926,1950,2006,6,TA,Norm,5,102000
21286,1271,4,7,Sawyer,1948,1950,2008,8,TA,Norm,5,135000
9825,1664,4,8,Edwards,1965,1965,2010,5,TA,Norm,5,100000
10592,1502,3,7,Crawfor,1923,1996,2007,8,Gd,Norm,7,165000
7200,1022,2,4,OldTown,1910,2006,2009,6,TA,Norm,4,85000
11664,1082,2,5,NAmes,1948,1950,2007,11,TA,Artery,5,119200
8400,1665,3,6,NWAmes,2001,2001,2009,11,Gd,Norm,6,227000
11883,1504,3,6,CollgCr,1996,1996,2009,6,Gd,Norm,5,203000
5814,1360,1,4,StoneBr,1984,1984,2009,8,Gd,Norm,5,187500
10784,1472,3,7,Gilbert,1991,1992,2007,5,Gd,Norm,5,160000
3013,1506,2,6,Blmngtn,2005,2005,2006,4,Gd,Norm,5,213490
7024,1132,2,5,Edwards,2005,2005,2008,6,Gd,Norm,5,176000
7406,1220,2,6,CollgCr,2006,2006,2006,7,Gd,Norm,5,194000
9439,1248,2,6,OldTown,1930,1950,2007,3,TA,Norm,5,87000
3182,1504,2,7,Blmngtn,2005,2006,2008,5,Gd,Norm,5,191000
15498,2898,2,10,Timber,1976,1976,2008,5,Gd,Norm,6,287000
7700,882,3,5,CollgCr,1972,1972,2007,3,TA,Norm,5,112500
9300,1264,3,6,NAmes,1960,1960,2010,4,TA,Feedr,5,167500
9520,1646,3,7,Timber,2007,2008,2008,4,Gd,Norm,5,293077
9492,1376,3,6,NAmes,1941,1950,2007,4,TA,Artery,5,105000
1680,1218,3,7,BrDale,1972,1972,2006,5,TA,Norm,7,118000
7082,1928,5,10,SWISU,1916,1995,2006,7,TA,Norm,8,160000
15863,3082,5,12,SWISU,1920,1970,2009,8,TA,Norm,3,197000
14541,2520,5,10,NoRidge,1993,1993,2006,11,Gd,Norm,7,310000
8125,1654,3,6,CollgCr,2002,2002,2006,2,Gd,Norm,5,230000
6305,954,2,5,Crawfor,1938,1950,2007,6,Fa,Norm,7,119750
11500,845,3,5,Edwards,1957,1957,2009,1,TA,Norm,3,84000
12898,1620,2,6,Timber,2007,2008,2009,9,Ex,Norm,5,315500
9240,2263,3,7,CollgCr,2001,2002,2008,9,Gd,Norm,5,287000
1533,1344,3,6,MeadowV,1970,2008,2009,5,TA,Norm,6,97000
1477,630,1,3,MeadowV,1970,1970,2009,4,TA,Norm,4,80000
13125,1803,3,8,Sawyer,1957,2000,2006,1,TA,Norm,4,155000
9130,1632,4,7,NWAmes,1966,2000,2008,7,Gd,Feedr,8,173000
5381,1306,1,5,NridgHt,2005,2005,2009,8,Gd,Norm,5,196000
11839,2329,4,10,SawyerW,1990,1990,2008,5,Gd,Norm,5,262280
9600,2524,4,9,NWAmes,1981,1981,2009,7,Gd,PosN,5,278000
13680,1733,4,8,Edwards,1955,1955,2009,6,TA,Norm,5,139600
16056,2868,4,11,StoneBr,2005,2006,2006,7,Ex,Norm,5,556581
9245,990,3,5,CollgCr,1994,1995,2008,2,TA,Norm,5,145000
21750,1771,3,9,Mitchel,1960,2006,2009,11,TA,Norm,4,115000
11100,930,2,6,Edwards,1946,2006,2010,4,Gd,Norm,7,84900
8993,1302,3,6,Gilbert,2007,2007,2007,8,Gd,Norm,5,176485
11175,1316,3,6,CollgCr,2007,2007,2007,10,Gd,Norm,5,200141
9500,1977,4,9,NAmes,1964,1978,2007,6,TA,Artery,6,165000
8562,1526,4,7,Edwards,1957,2002,2010,5,TA,Norm,6,144500
11367,1989,3,7,CollgCr,2002,2002,2006,11,Gd,Norm,5,255000
11361,1523,3,7,NWAmes,1976,1976,2008,5,TA,Norm,5,180000
7052,1364,2,6,NridgHt,2005,2005,2006,6,Gd,Norm,5,185850
29959,1850,3,7,NoRidge,1994,1994,2009,1,Gd,Norm,6,248000
11308,2184,3,10,NridgHt,2008,2008,2009,7,Ex,Norm,5,335000
11275,1991,3,7,Crawfor,1932,1950,2007,3,TA,Norm,7,220000
4920,1338,2,6,StoneBr,2001,2001,2010,4,Gd,Norm,5,213500
18000,894,2,6,IDOTRR,1935,1950,2008,8,TA,Norm,4,81000
13600,2337,5,10,OldTown,1900,1950,2007,9,TA,Norm,5,90000
6000,1103,2,5,OldTown,1925,1980,2006,7,Gd,Artery,6,110500
11000,1154,3,6,NAmes,1966,1966,2009,11,TA,Norm,6,154000
14000,2260,3,7,ClearCr,1996,1997,2010,4,Gd,Norm,5,328000
7837,1571,3,7,Gilbert,1993,1994,2009,5,TA,Norm,7,178000
9760,1611,4,7,NAmes,1964,1964,2008,6,TA,Norm,6,167900
3964,2521,5,10,MeadowV,1973,1973,2006,6,TA,Norm,4,151400
9600,893,2,4,NAmes,1949,2003,2007,5,Gd,Norm,7,135000
10152,1048,3,6,NAmes,1956,1956,2007,6,TA,Norm,5,135000
11700,1556,4,8,NWAmes,1968,1968,2009,5,TA,RRAn,6,154000
7585,1456,4,7,Edwards,1948,1950,2006,8,TA,Artery,3,91500
7950,1426,3,6,Edwards,1977,1977,2009,7,TA,Norm,6,159500
8556,1240,2,5,CollgCr,2006,2006,2007,5,Gd,Norm,5,194000
13125,1740,3,6,Crawfor,1940,1984,2007,7,TA,Norm,6,219500
10800,1466,3,7,OldTown,1936,1989,2006,4,Gd,Norm,8,170000
15870,1096,3,6,NAmes,1969,1969,2006,3,TA,Norm,5,138800
4435,848,1,3,CollgCr,2004,2004,2006,5,Gd,Norm,5,155900
8775,990,3,5,CollgCr,1994,1994,2007,4,TA,Norm,5,126000
11040,1258,3,5,NWAmes,1971,2004,2008,10,Gd,Norm,7,145000
7500,1040,3,5,Sawyer,1963,1963,2010,6,TA,Feedr,5,133000
8749,1459,3,6,CollgCr,2002,2002,2007,9,Gd,Norm,5,192000
8800,1251,3,6,NAmes,1964,1964,2006,3,TA,Norm,6,160000
13031,1498,3,6,Gilbert,1995,1996,2006,7,TA,Norm,5,187500
9069,996,2,5,SawyerW,1992,1992,2010,4,Gd,Norm,6,147000
1974,1092,3,6,MeadowV,1973,1973,2010,5,TA,Norm,5,83500
10574,1953,3,9,Somerst,2005,2006,2009,5,Gd,Norm,5,252000
2522,1709,3,7,Edwards,2004,2004,2006,4,Gd,Norm,5,137500
3316,1247,1,4,Somerst,2005,2005,2006,4,Gd,Norm,5,197000
8544,1040,2,6,NAmes,1950,1950,2009,6,TA,Norm,4,92900
2160,1252,2,4,Somerst,1999,2000,2008,3,Gd,Norm,5,160000
8400,1694,4,7,SWISU,1925,1950,2008,6,TA,Norm,5,136500
9230,1200,1,6,NAmes,1965,1998,2006,10,Gd,Feedr,8,146000
5868,936,2,4,NAmes,1956,2000,2010,5,TA,Norm,7,129000
9317,1314,3,6,CollgCr,2006,2006,2007,3,Gd,Norm,5,176432
6882,1355,3,7,IDOTRR,1914,2006,2007,3,Gd,Norm,7,127000
3696,1088,2,5,StoneBr,1986,1986,2007,10,Gd,Norm,5,170000
6000,1324,3,6,BrkSide,1936,1950,2009,7,TA,Norm,6,128000
11880,1601,3,7,NWAmes,1978,1978,2009,4,TA,RRAn,5,157000
8400,438,1,3,SWISU,1920,1950,2009,1,Fa,Norm,5,60000
9758,950,3,5,NAmes,1971,1971,2007,7,TA,Norm,5,119500
7000,1134,2,6,NAmes,1960,2002,2007,4,TA,Norm,7,135000
8910,1194,3,6,NAmes,1959,1959,2006,7,TA,Norm,6,159500
2016,1302,3,6,BrDale,1970,1970,2007,4,TA,Norm,5,106000
12256,2622,3,9,NoRidge,1994,1995,2010,4,Gd,Norm,5,325000
10357,1442,3,6,SawyerW,1990,1991,2007,5,Gd,Feedr,5,179900
23257,2021,3,9,Gilbert,2006,2006,2006,9,Gd,Norm,5,274725
8063,1690,3,7,Gilbert,2000,2000,2007,11,TA,Norm,5,181000
11362,1836,3,7,NridgHt,2004,2005,2009,3,Gd,Norm,5,280000
8000,1658,3,8,Gilbert,1995,1996,2008,6,TA,Norm,5,188000
10480,1964,4,8,NWAmes,1976,1976,2008,9,TA,Norm,6,205000
7100,816,2,5,NAmes,1957,1957,2006,7,TA,Norm,7,129900
8923,1008,2,6,NAmes,1953,2006,2007,5,Gd,Norm,7,134500
5400,833,2,4,OldTown,1954,2000,2006,8,Gd,Norm,7,117000
12085,1734,3,7,NridgHt,2007,2007,2007,11,Ex,Norm,5,318000
7750,1419,3,7,Gilbert,2002,2002,2009,3,Gd,Norm,5,184100
9764,894,3,5,Sawyer,1967,2003,2008,5,Gd,Feedr,7,130000
13825,1601,3,6,Sawyer,1958,1987,2008,12,TA,Norm,6,140000
7560,1040,3,6,NAmes,1959,1959,2006,7,TA,Norm,5,133700
8263,1012,2,6,IDOTRR,1920,1950,2007,5,TA,Norm,5,118400
10084,1552,3,7,CollgCr,2005,2006,2006,7,Gd,Norm,5,212900
8926,960,3,5,Edwards,1956,1956,2009,10,TA,Norm,3,112000
9405,698,2,4,Edwards,1947,2008,2009,6,TA,Norm,9,118000
9125,1482,3,7,Gilbert,1992,1992,2007,7,Gd,Norm,5,163900
10434,1005,2,5,NAmes,1955,1955,2009,11,Fa,Norm,5,115000
3684,1555,2,7,Blmngtn,2007,2007,2009,6,Gd,Norm,5,174000
14572,1530,3,7,Gilbert,2004,2004,2007,11,Gd,Norm,5,259000
11796,1959,4,8,Gilbert,2004,2005,2007,7,Gd,Norm,5,215000
7200,936,2,4,OldTown,1980,1980,2007,8,TA,Norm,5,140000
7804,1981,4,7,SWISU,1928,1950,2009,12,Gd,Norm,3,135000
10712,974,3,5,Mitchel,1991,1992,2007,9,TA,Norm,5,93500
9900,2210,5,8,OldTown,1880,1950,2007,5,Fa,Norm,4,117500
9828,2020,3,8,SawyerW,1995,1995,2009,6,Gd,Norm,5,239500
8773,1600,3,7,Gilbert,1997,1997,2007,8,TA,Norm,5,169000
6180,986,2,5,BrkSide,1926,1950,2007,5,TA,Norm,5,102000
9600,1252,3,6,NAmes,1950,1950,2008,4,TA,Norm,5,119000
6342,1020,2,6,Sawyer,1875,1996,2010,5,TA,Feedr,8,94000
9819,1567,2,5,Mitchel,1977,1977,2009,5,Gd,Norm,5,196000
8731,1167,3,6,BrkSide,1920,1950,2007,5,TA,Norm,5,144000
7350,952,2,4,NAmes,1951,1951,2008,6,TA,Norm,7,139000
10304,1868,4,9,NWAmes,1976,1976,2009,10,Gd,PosN,7,197500
9965,2828,4,11,CollgCr,2006,2007,2007,4,Gd,Norm,5,424870
9000,1006,3,5,Sawyer,1959,1959,2008,7,TA,Norm,3,80000
12180,924,2,5,Edwards,1941,1950,2010,7,Fa,Norm,4,80000
6240,1576,3,8,BrkSide,1928,1950,2006,8,TA,Norm,6,149000
11200,1298,3,5,SawyerW,1985,1985,2006,5,Gd,Norm,5,180000
12000,1564,3,7,Crawfor,1941,1950,2009,7,Fa,Norm,7,174500
5700,1111,2,5,OldTown,1926,1950,2008,8,TA,Norm,7,116900
9000,1482,3,7,OldTown,1920,1988,2009,7,TA,Artery,9,143000
8280,932,2,4,NAmes,1950,1950,2007,11,Gd,Norm,5,124000
17755,1466,3,6,Edwards,1959,1959,2006,11,Fa,Norm,4,149900
14115,1811,2,6,Crawfor,1956,2004,2006,7,Ex,Norm,7,230000
5890,816,2,5,IDOTRR,1930,2007,2008,6,TA,Norm,8,120500
13700,1820,4,8,NAmes,1965,1988,2008,5,Gd,Norm,6,201800
10768,1437,3,6,Veenker,1976,2004,2007,7,Gd,Norm,8,218000
9350,1265,3,6,NAmes,1965,1999,2008,10,Gd,Norm,8,179900
5001,1314,2,6,NridgHt,2007,2008,2009,7,Gd,Norm,5,230000
11932,1580,3,7,Somerst,2007,2008,2008,6,Gd,Feedr,5,235128
9120,1876,4,8,NWAmes,1974,1974,2008,7,Gd,Norm,6,185000
2280,1456,3,7,NPkVill,1978,1978,2010,7,TA,Norm,5,146000
14778,1640,3,7,Crawfor,1954,2006,2008,11,Gd,PosN,7,224000
8724,894,3,5,Sawyer,1968,1968,2007,5,TA,Norm,5,129000
12900,1258,0,6,Sawyer,1969,1969,2008,1,TA,Feedr,4,108959
16157,1432,2,5,Veenker,1978,1978,2007,6,Gd,Feedr,7,194000
9541,1502,3,7,NridgHt,2009,2009,2009,9,Gd,Norm,5,233170
10475,1694,3,7,CollgCr,2008,2008,2010,2,Gd,Norm,5,245350
10852,1671,3,7,Gilbert,2000,2000,2006,2,TA,RRAn,5,173000
13728,2108,4,7,Edwards,1935,1986,2008,7,Gd,Norm,7,235000
35760,3627,4,10,NoRidge,1995,1996,2006,7,Gd,Norm,5,625000
9880,1118,3,6,Mitchel,1977,1977,2008,7,TA,Norm,6,171000
9120,1261,3,6,NAmes,1958,1958,2008,11,TA,Norm,6,163000
4017,1250,2,5,Somerst,2006,2007,2008,3,Gd,Norm,5,171900
18030,3086,3,12,ClearCr,1946,1994,2007,3,Ex,Norm,6,200500
16560,2345,4,9,Crawfor,1932,1950,2006,7,TA,Norm,8,239000
10678,2872,4,9,NoRidge,1992,2000,2007,4,Gd,Norm,5,285000
6951,923,3,5,Mitchel,1984,1985,2008,10,TA,Norm,5,119500
3950,1224,3,5,OldTown,1926,2004,2009,12,TA,Artery,8,115000
7681,1343,3,7,Crawfor,1921,1950,2009,7,TA,Norm,6,154900
8335,1124,3,5,Edwards,1954,1954,2006,4,TA,Norm,5,93000
11170,2514,4,8,Timber,1990,1991,2006,4,TA,Norm,5,250000
5587,1652,2,5,Crawfor,2008,2008,2008,11,Gd,Norm,5,392500
15623,4476,4,10,NoRidge,1996,1996,2007,7,Ex,Norm,5,745000
10800,1130,2,5,OldTown,1920,1950,2006,6,TA,Norm,6,120000
35133,1572,3,5,Timber,1963,1963,2007,5,TA,Norm,4,186700
9738,1221,4,7,Edwards,1924,1950,2006,3,TA,Norm,7,104900
10615,1699,3,7,OldTown,1900,1970,2009,8,TA,Artery,5,95000
12461,1624,2,5,NoRidge,1994,1995,2006,7,Gd,Norm,5,262000
8935,1660,3,7,CollgCr,2002,2002,2009,7,Gd,Norm,5,195000
7500,1804,3,7,Gilbert,1999,1999,2010,6,Gd,Norm,5,189000
32463,1622,3,7,Mitchel,1961,1975,2007,3,TA,Norm,4,168000
2645,1441,2,5,Somerst,1999,2000,2007,11,Gd,Norm,5,174000
9600,1472,3,6,OldTown,1925,1994,2007,7,Gd,Norm,8,125000
4500,1224,2,5,Mitchel,1999,1999,2009,6,TA,Norm,5,165000
9364,1352,4,7,Sawyer,1969,1969,2010,3,TA,Norm,7,158000
8029,1456,3,8,Gilbert,2005,2005,2008,7,Gd,Norm,5,176000
14054,1863,4,9,Gilbert,2006,2006,2006,11,Gd,Norm,5,219210
8850,1690,3,7,OldTown,1916,1950,2006,7,TA,Norm,6,144000
9100,1212,3,6,CollgCr,2001,2001,2009,6,Gd,Norm,5,178000
11235,1382,3,6,Sawyer,1963,1979,2006,10,TA,Norm,5,148000
9353,864,3,5,NAmes,1970,1970,2006,7,TA,Norm,5,116050
10400,1779,3,6,CollgCr,1998,1998,2009,3,Gd,Norm,5,197900
6000,1348,3,5,BrkSide,1925,1997,2009,5,TA,Norm,8,117000
9750,1630,3,6,CollgCr,2000,2001,2009,10,Gd,Norm,5,213000
10140,1074,3,6,NWAmes,1975,1975,2006,7,TA,Norm,6,153500
14684,2196,3,7,SawyerW,1990,1991,2009,6,Gd,Norm,7,271900
8900,1056,2,5,SawyerW,1966,1966,2006,11,TA,Norm,4,107000
9135,1700,3,7,CollgCr,2003,2003,2006,5,Gd,Norm,5,200000
7763,1283,3,6,NAmes,1962,1980,2008,10,TA,Norm,7,140000
10182,1660,3,8,Somerst,2006,2006,2006,5,Gd,RRNn,5,290000
11218,1845,3,8,SawyerW,1992,1992,2010,5,Gd,Norm,5,189000
12134,1752,4,8,Gilbert,1988,2005,2010,6,TA,Norm,7,164000
9340,672,2,4,Edwards,1941,1950,2009,8,TA,Norm,6,113000
10246,960,0,3,Sawyer,1965,2001,2006,5,TA,Norm,9,145000
10205,999,3,6,NAmes,1962,1962,2006,5,TA,Norm,5,134500
7094,894,3,5,Sawyer,1966,1966,2007,5,TA,Norm,5,125000
8930,1902,4,8,Sawyer,1978,1978,2010,4,TA,RRAe,5,112000
8640,1314,3,6,Somerst,2009,2009,2009,9,Gd,Norm,5,229456
6240,912,2,3,BrkSide,1947,1950,2006,7,TA,Norm,5,80500
1680,1218,3,7,BrDale,1971,1971,2006,4,TA,Norm,5,91500
7800,912,2,5,NAmes,1964,1964,2006,11,TA,Norm,5,115000
8250,1211,3,5,Sawyer,1968,1968,2008,8,TA,Feedr,5,134000
10496,1846,3,7,NAmes,1949,1950,2007,1,TA,Artery,6,143000
10680,2136,4,7,NAmes,1951,1951,2006,10,TA,Norm,3,137900
15384,1490,3,8,Gilbert,2004,2005,2008,2,Gd,RRAn,5,184000
10482,1138,3,6,NAmes,1958,1958,2007,6,TA,Norm,8,145000
14598,1933,4,9,Somerst,2007,2007,2008,1,Gd,Feedr,5,214000
8872,912,2,5,NAmes,1965,2008,2008,12,Gd,Norm,8,147000
8769,1702,1,7,NridgHt,2008,2008,2008,10,Ex,Norm,5,367294
7910,1507,4,7,NAmes,1960,1960,2008,8,TA,Norm,5,127000
18890,2620,4,12,Sawyer,1977,1977,2007,8,TA,Feedr,5,190000
7728,1190,3,6,NAmes,1962,1962,2006,5,TA,Norm,6,132500
9842,1224,2,6,NAmes,1962,1962,2007,3,TA,Norm,5,101800
12160,1188,3,6,NAmes,1959,1959,2010,5,TA,Norm,5,142000
8525,1964,4,7,SWISU,1911,1950,2008,11,TA,Norm,6,130000
13132,1784,4,9,Crawfor,1914,1950,2006,7,TA,Norm,5,138887
2628,1626,2,6,NridgHt,2003,2003,2010,6,Gd,Norm,5,175500
12393,1948,4,8,CollgCr,2004,2005,2006,9,Gd,Norm,5,195000
13072,1141,3,6,SawyerW,2005,2005,2006,3,TA,RRAe,5,142500
9037,1484,2,6,Timber,2006,2006,2007,12,Ex,Norm,5,265900
8158,1768,3,8,CollgCr,2003,2003,2008,7,Gd,Norm,5,224900
9849,1689,3,7,Somerst,2007,2007,2007,6,Gd,Norm,6,248328
10625,1173,3,6,NWAmes,1974,1974,2010,1,Gd,Norm,6,170000
13891,2076,2,7,NridgHt,2006,2006,2006,9,Ex,Norm,5,465000
11435,1517,3,7,Crawfor,1929,1950,2006,6,Gd,Norm,7,230000
12090,1868,3,7,NWAmes,1984,2003,2007,1,TA,Norm,7,178000
8125,1553,3,6,Somerst,2005,2006,2006,3,Gd,Norm,5,186500
12328,1034,3,6,Mitchel,1976,1976,2010,5,TA,Norm,5,169900
9600,2058,3,8,OldTown,1917,1950,2008,4,TA,Norm,5,129500
7200,988,3,6,NAmes,1950,1950,2007,5,TA,Norm,7,119000
11160,2110,3,8,NAmes,1968,1968,2010,4,Ex,Norm,5,244000
3136,1405,2,6,NridgHt,2003,2003,2006,3,Gd,Norm,5,171750
9858,874,3,5,Mitchel,1968,1968,2009,11,TA,Norm,6,130000
17542,2167,3,9,Veenker,1974,2003,2007,7,Gd,Norm,7,294000
6931,1656,3,7,Edwards,2003,2004,2008,7,Gd,Norm,5,165400
6240,1367,3,6,BrkSide,1931,1950,2007,11,TA,Norm,6,127500
14303,1987,2,7,NoRidge,1994,1994,2008,8,Gd,Norm,5,301500
4060,864,2,4,Edwards,1922,1950,2009,7,TA,Feedr,8,99900
9587,1166,2,5,Gilbert,2005,2005,2008,7,Gd,Norm,5,190000
9750,1054,3,6,NAmes,1969,1969,2008,7,TA,Norm,8,151000
24682,1675,3,7,Gilbert,1999,1999,2009,6,TA,RRAn,5,181000
9600,1050,2,5,NAmes,1956,1956,2009,6,TA,Norm,6,128900
11250,1788,5,8,ClearCr,1957,1989,2009,11,TA,Norm,5,161500
13515,1824,3,8,BrkSide,1919,1950,2007,7,TA,Norm,6,180500
4060,1337,2,5,NAmes,1998,1999,2008,8,Gd,Norm,5,181000
3735,1452,3,6,Somerst,1999,1999,2006,3,Gd,Norm,5,183900
10120,1889,4,9,OldTown,1910,1950,2007,1,TA,Feedr,4,122000
13214,2018,3,10,Timber,2008,2009,2010,5,Ex,Norm,5,378500
14100,3447,4,11,Crawfor,1935,1997,2008,5,Gd,Norm,9,381000
11344,1524,3,7,NAmes,1958,1958,2007,7,TA,Feedr,5,144000
23595,1524,0,4,ClearCr,1979,1979,2010,4,Gd,Norm,6,260000
9156,1489,3,7,NWAmes,1968,1968,2009,8,Gd,PosN,7,185750
13526,935,3,5,Sawyer,1965,1965,2006,11,TA,Norm,6,137000
11512,1357,2,5,Edwards,1959,2006,2008,5,Ex,Norm,7,177000
5362,1250,3,8,Crawfor,1910,2003,2007,11,TA,Norm,6,139000
11345,1920,4,10,NAmes,1948,1950,2007,7,TA,Feedr,5,137000
12936,1395,3,6,NWAmes,1972,1972,2009,12,TA,Norm,6,162000
17871,1724,3,7,NWAmes,1967,1976,2009,6,TA,Norm,5,197900
9473,2031,3,7,CollgCr,2002,2002,2008,3,Gd,Norm,5,237000
7500,1128,2,6,IDOTRR,1920,1950,2010,4,TA,Norm,4,68400
9808,1573,3,6,CollgCr,2002,2002,2009,3,Gd,Norm,5,227000
8049,1339,2,6,Timber,1990,1990,2006,7,TA,Norm,5,180000
8800,1040,3,5,CollgCr,1977,2008,2009,9,Gd,Norm,7,150500
9400,1824,4,8,Mitchel,1971,1971,2010,4,TA,Norm,5,139000
9638,2447,4,10,SWISU,1919,1990,2010,3,Gd,Feedr,7,169000
6000,1412,4,6,BrkSide,1939,1950,2009,5,TA,Norm,6,132500
9790,1328,3,6,NWAmes,1963,1963,2010,6,TA,Feedr,5,143000
36500,1582,4,7,ClearCr,1964,1964,2006,6,TA,Norm,5,190000
5664,1659,2,5,StoneBr,2000,2000,2009,10,Ex,Norm,5,278000
11065,1970,3,8,NridgHt,2006,2006,2006,10,Ex,Norm,5,281000
14112,1152,3,6,NAmes,1964,1964,2010,4,TA,Norm,7,180500
1680,1302,3,6,BrDale,1972,1972,2009,2,TA,Norm,7,119500
6600,2372,4,11,OldTown,1892,1965,2009,12,TA,Norm,4,107500
10140,1664,4,8,NWAmes,1976,1976,2006,3,TA,Norm,5,162900
8172,864,2,5,Edwards,1955,1990,2006,4,TA,Norm,7,115000
8400,1052,3,5,NAmes,1968,1968,2006,11,TA,Feedr,5,138500
8700,1128,3,6,NAmes,1963,1963,2008,12,TA,Norm,6,155000
3675,1072,2,5,Edwards,2005,2006,2006,6,TA,Norm,5,140000
63887,5642,3,12,Edwards,2008,2008,2008,1,Ex,Feedr,5,160000
7500,1246,3,6,NAmes,1959,1994,2010,5,Gd,Norm,7,154000
10762,1983,3,9,Gilbert,1999,1999,2009,5,Gd,Norm,5,225000
7500,1494,3,7,Crawfor,1942,1950,2009,11,Gd,Norm,7,177500
10120,2526,4,8,NoRidge,1994,1994,2006,12,Gd,Norm,5,290000
8688,1616,3,7,Somerst,2005,2005,2006,4,Gd,Norm,5,232000
3363,1708,3,7,Edwards,2004,2004,2006,4,Gd,Norm,5,130000
13173,1652,2,6,NridgHt,2006,2007,2009,11,Ex,Norm,5,325000
6955,1368,2,6,NridgHt,2005,2006,2006,9,Gd,Norm,5,202500
8072,990,3,5,CollgCr,1994,1995,2009,5,TA,Norm,5,138000
12000,1122,2,6,OldTown,1948,2005,2008,5,Gd,Norm,7,147000
7153,1294,3,6,SawyerW,1991,1991,2008,6,Gd,Norm,5,179200
17500,1902,3,7,Crawfor,1959,2002,2010,5,Ex,PosA,8,335000
8814,1274,3,6,CollgCr,2005,2007,2007,1,Gd,Norm,5,203000
9572,2810,4,9,NoRidge,1990,1990,2007,6,Gd,Norm,5,302000
14774,2599,4,10,NoRidge,1999,1999,2010,5,Gd,Norm,5,333168
8190,948,3,5,Edwards,1954,1954,2007,10,TA,Norm,6,119000
11075,2112,4,9,NAmes,1969,1969,2008,6,TA,Norm,5,206900
10226,1630,3,8,CollgCr,2008,2008,2009,1,Ex,Norm,5,295493
4230,1352,2,5,Somerst,2006,2007,2007,4,Gd,Norm,5,208900
14781,1787,3,7,CollgCr,2001,2002,2006,8,Gd,Norm,5,275000
10215,948,3,5,Edwards,1954,1954,2007,2,TA,Norm,5,111000
8400,1478,3,6,NAmes,1957,1957,2009,6,TA,Norm,3,156500
6627,720,2,4,BrkSide,1949,1950,2008,7,TA,Feedr,6,72500
10186,1923,3,8,NoRidge,1992,1992,2010,6,Gd,Norm,5,190000
5330,708,2,5,BrkSide,1940,1950,2009,12,Fa,Norm,7,82500
9986,1795,2,7,Somerst,2006,2007,2007,2,Gd,Norm,5,147000
3636,796,2,5,IDOTRR,1922,1950,2008,1,TA,Norm,4,55000
4270,774,3,6,Edwards,1931,2006,2007,5,Gd,Norm,6,79000
6600,816,3,5,Mitchel,1982,2008,2008,10,Gd,Norm,9,130500
10440,2792,5,8,OldTown,1920,1950,2008,6,TA,Norm,7,256000
9084,1632,3,8,Gilbert,1998,1998,2006,6,TA,Norm,5,176500
10000,1588,3,7,Somerst,2006,2006,2007,12,Gd,Norm,5,227000
10780,954,3,6,CollgCr,1976,1976,2006,7,TA,Norm,5,132500
8877,816,2,3,Edwards,1938,1958,2009,5,TA,Norm,6,100000
7200,1360,2,6,IDOTRR,1938,1995,2006,7,Gd,Norm,6,125500
2368,1365,3,7,BrDale,1970,1970,2009,5,TA,Norm,6,125000
9650,1334,2,6,NWAmes,1977,1977,2009,4,TA,Norm,5,167900
9246,1656,4,8,NWAmes,1973,1973,2008,11,TA,Feedr,5,135000
4118,693,2,4,OldTown,1941,1950,2006,3,Fa,Feedr,4,52500
13450,1861,3,8,CollgCr,2002,2002,2006,6,Gd,Norm,5,200000
9560,864,3,5,CollgCr,1972,1972,2006,6,TA,Norm,7,128500
8294,872,3,5,NAmes,1971,1971,2007,6,TA,Norm,5,123000
13695,1114,3,6,SawyerW,2003,2004,2008,7,Gd,RRAe,5,155000
9375,2169,3,7,CollgCr,2002,2002,2007,8,Gd,Norm,5,228500
7558,1913,3,9,Crawfor,1928,1950,2009,3,TA,Norm,6,177000
11103,1456,3,8,CollgCr,2006,2006,2007,7,Gd,Norm,5,155835
6000,960,2,5,OldTown,1920,1950,2007,7,Fa,Norm,4,108500
20781,2156,3,9,NWAmes,1968,2003,2006,6,TA,PosN,7,262500
15306,1776,3,7,Timber,2006,2007,2007,5,Gd,Norm,5,283463
16196,1494,3,5,SawyerW,1998,1998,2007,8,Gd,Norm,5,215000
5250,2358,4,8,OldTown,1872,1987,2008,12,TA,Norm,5,122000
11643,2634,6,12,NAmes,1969,1969,2009,8,TA,Artery,5,200000
9247,1716,4,8,NAmes,1962,1962,2008,3,TA,Norm,6,171000
6000,1176,2,4,BrkSide,1937,2000,2009,7,TA,Norm,9,134900
14720,3238,4,9,NoRidge,1995,1996,2010,3,Gd,Norm,5,410000
10316,1865,3,7,CollgCr,2000,2000,2008,6,Gd,Norm,5,235000
10192,1920,4,8,NWAmes,1968,1992,2006,9,Gd,Norm,6,170000
9477,892,3,5,NAmes,1966,1966,2008,10,TA,Norm,5,110000
12537,1078,3,6,NAmes,1971,2008,2010,4,TA,Norm,6,149900
2117,1573,3,5,Somerst,2000,2000,2010,6,Gd,Norm,5,177500
16737,1980,3,8,NridgHt,2004,2005,2006,9,Ex,Norm,5,315000
9842,2601,4,8,SWISU,1921,1998,2008,5,TA,Feedr,6,189000
16158,1530,3,7,StoneBr,2005,2005,2009,6,Gd,Norm,5,260000
12513,1738,4,7,NAmes,1920,2007,2009,6,TA,Feedr,4,104900
8499,1412,3,6,Gilbert,2006,2007,2007,3,Gd,Norm,5,156932
3180,1200,2,4,Somerst,2005,2005,2006,4,Gd,Norm,5,144152
7500,1674,3,7,Somerst,2000,2000,2010,1,Gd,Norm,5,216000
9179,1790,3,7,CollgCr,1999,1999,2008,6,Gd,Norm,5,193000
2665,1475,4,6,MeadowV,1977,1977,2006,7,TA,Norm,6,127000
4435,848,1,4,CollgCr,2003,2004,2009,6,Gd,Norm,5,144000
10635,1668,3,8,CollgCr,2003,2003,2010,5,Gd,Norm,5,232000
5400,1374,2,6,OldTown,1920,1950,2009,10,TA,Artery,6,105000
9600,1661,3,8,NAmes,1955,1996,2008,10,Gd,Norm,6,165500
9750,2097,3,8,CollgCr,1998,1998,2006,6,Gd,Norm,6,274300
11400,2633,2,8,NoRidge,2001,2002,2007,3,Ex,Norm,5,466500
10625,1958,3,9,Somerst,2005,2005,2008,7,Gd,Norm,5,250000
10991,1571,3,7,Timber,2007,2007,2007,12,Gd,Norm,5,239000
6292,790,2,4,SWISU,1930,1950,2008,4,TA,Norm,5,91000
10998,1604,3,6,Edwards,1941,1960,2009,7,TA,Norm,5,117000
1953,987,2,5,BrDale,1973,1973,2006,6,TA,Norm,5,83000
9735,1394,3,7,Timber,2006,2007,2008,5,Gd,Norm,5,167500
8212,864,2,5,Edwards,1914,1950,2010,6,TA,Norm,3,58500
12925,2117,4,7,NAmes,1970,1970,2008,5,TA,Norm,7,237500
7200,1762,4,8,OldTown,1920,1950,2006,10,Gd,Norm,7,157000
25339,1416,3,7,Sawyer,1918,2007,2007,8,Gd,Norm,7,112000
9060,1258,2,6,Edwards,1939,1950,2009,10,TA,Norm,5,105000
5436,1154,3,7,IDOTRR,1922,2007,2010,5,Gd,Norm,8,125500
16692,2784,5,12,NWAmes,1978,1978,2006,7,Gd,RRAn,5,250000
8520,2526,5,10,OldTown,1916,1950,2007,8,Gd,Artery,7,136000
14892,1746,3,7,Gilbert,2006,2007,2009,10,Ex,Norm,5,377500
6000,1218,3,6,BrkSide,1941,1950,2007,3,TA,Norm,6,131000
9100,1525,3,6,CollgCr,2000,2000,2006,9,Gd,Norm,5,235000
8944,1584,4,8,NAmes,1967,1967,2009,4,TA,Norm,5,124000
7838,900,3,6,NAmes,1967,1967,2006,12,TA,Norm,5,123000
10800,1912,3,7,OldTown,1905,2000,2008,4,TA,Norm,7,163000
4045,1500,2,6,Blmngtn,2006,2006,2006,10,Gd,Norm,5,246578
12665,2482,4,9,Timber,2005,2006,2007,2,Gd,Norm,5,281213
57200,1687,3,7,Timber,1948,1950,2010,6,TA,Norm,5,160000
6120,1513,4,8,BrkSide,1920,2004,2007,5,TA,Norm,8,137500
7200,1904,3,7,NAmes,1950,1982,2009,5,TA,Norm,4,138000
6171,1608,3,7,SWISU,1925,1990,2009,10,Gd,Norm,6,137450
6000,1158,3,5,BrkSide,1929,1950,2008,7,TA,Norm,7,120000
7415,1593,3,8,Gilbert,2004,2004,2008,4,TA,Norm,5,193000
6762,1294,2,6,CollgCr,2006,2006,2006,7,Gd,Norm,5,193879
15256,1464,3,6,Somerst,2007,2007,2007,8,Gd,RRAn,5,282922
10410,1214,3,6,OldTown,1915,1950,2006,1,TA,Artery,4,105000
3842,1646,2,5,Crawfor,2004,2005,2008,1,Gd,Norm,5,275000
8445,768,2,5,CollgCr,1972,2007,2009,3,TA,Norm,7,133000
8780,833,3,5,Mitchel,1985,1985,2009,3,TA,Norm,5,112000
7740,1363,3,6,OldTown,1910,1950,2010,6,TA,Norm,7,125500
20544,2093,3,7,NWAmes,1986,1991,2008,11,TA,Norm,6,215000
12420,1840,3,6,CollgCr,2001,2001,2009,6,Gd,Norm,5,230000
9600,1668,3,6,NAmes,1950,2005,2009,9,TA,Norm,8,140000
7200,1040,2,6,NAmes,1949,1950,2009,6,TA,Norm,5,90000
10994,1844,2,7,SawyerW,2005,2006,2009,9,Gd,Norm,5,257000
13053,1848,4,8,BrkSide,1923,2000,2008,6,Gd,Norm,7,207000
3635,1569,1,7,Blmngtn,2007,2007,2009,5,Gd,Norm,5,175900
11340,2290,4,11,OldTown,1885,1950,2010,4,TA,Norm,6,122500
16545,2450,3,7,NoRidge,1998,1998,2009,5,Gd,Norm,5,340000
9204,1144,3,6,NAmes,1963,1963,2008,8,TA,Norm,5,124000
16381,1844,3,7,Crawfor,1969,1969,2006,12,Gd,Norm,5,223000
11700,1416,3,7,NWAmes,1968,1968,2006,5,TA,Norm,6,179900
4043,1069,2,4,NPkVill,1977,1977,2010,7,TA,Norm,5,127500
4435,848,1,3,CollgCr,2003,2003,2008,3,Gd,Norm,5,136500
19690,2201,4,8,Edwards,1966,1966,2006,8,Gd,Norm,7,274970
9503,1344,2,6,NAmes,1958,1983,2007,6,TA,Norm,5,144000
10721,1252,3,7,NAmes,1959,1959,2008,10,Gd,Norm,6,142000
10944,2127,3,5,NoRidge,1994,1994,2008,8,Gd,Norm,5,271000
10930,1558,3,6,NAmes,1945,1950,2008,4,TA,Artery,6,140000
7200,804,2,4,OldTown,1940,1992,2010,2,Gd,Norm,7,119000
12546,1440,3,7,NWAmes,1981,1981,2007,4,Gd,Norm,7,182900
21930,1838,4,7,Gilbert,2005,2005,2006,7,TA,RRAn,5,192140
4928,958,2,5,NPkVill,1976,1976,2009,10,TA,Norm,6,143750
10800,968,4,5,OldTown,1927,2007,2007,8,TA,Norm,6,64500
10261,1792,3,8,Gilbert,2000,2000,2008,5,TA,Norm,5,186500
17400,1126,3,5,Mitchel,1977,1977,2006,5,TA,Norm,5,160000
8400,1537,3,7,NAmes,1962,2005,2008,7,Gd,Norm,9,174000
9000,864,3,5,NAmes,1971,1971,2007,5,TA,Norm,6,120500
12444,1932,2,7,NridgHt,2008,2008,2008,11,Ex,Norm,5,394617
7407,1236,2,6,OldTown,1957,1996,2010,4,TA,Artery,7,149700
11584,1725,3,6,NWAmes,1979,1979,2007,11,TA,Norm,6,197000
11526,2555,3,11,Crawfor,1922,1994,2008,9,TA,Norm,7,191000
4426,848,1,3,CollgCr,2004,2004,2008,5,Gd,Norm,5,149300
11003,2007,3,10,Somerst,2008,2008,2009,4,Ex,Norm,5,310000
8854,952,2,4,BrkSide,1916,1950,2009,5,Fa,Norm,6,121000
8500,1422,3,7,CollgCr,2004,2004,2007,11,Gd,Norm,5,179600
8400,913,3,6,Sawyer,1966,1966,2007,5,TA,Norm,5,129000
26142,1188,3,6,Mitchel,1962,1962,2010,4,TA,Norm,7,157900
10000,2090,3,8,CollgCr,1995,1996,2007,12,Gd,Norm,5,240000
11767,1346,2,6,Edwards,1910,2000,2007,5,TA,Norm,7,112000
1533,630,1,3,MeadowV,1970,1970,2006,8,Ex,Norm,7,92000
9000,1792,4,8,NAmes,1974,1974,2009,9,TA,Norm,5,136000
9262,1578,3,7,Somerst,2008,2009,2009,5,Ex,Norm,5,287090
3675,1072,2,5,Edwards,2005,2005,2006,5,TA,Norm,5,145000
17217,1140,3,6,Mitchel,2006,2006,2006,7,TA,Norm,5,84500
7500,1221,2,6,Somerst,2004,2005,2009,10,Gd,Norm,5,185000
7917,1647,3,7,Gilbert,1999,2000,2007,8,TA,Norm,5,175000
13175,2073,3,7,NWAmes,1978,1988,2010,2,TA,Norm,6,210000
9042,2340,4,9,Crawfor,1941,2006,2010,5,Gd,Norm,9,266500
9717,1078,2,5,NAmes,1950,1996,2010,4,Gd,Norm,6,142125
9937,1256,3,6,Edwards,1965,1965,2008,6,TA,Norm,6,147500
